,satisfaction_level,last_evaluation,number_project,average_montly_hours,time_spend_company,Work_accident,promotion_last_5years,left,salary_high,salary_low,salary_medium
9,0.42,0.53,2,142,3,0,0,1,0,1,0
23,0.46,0.57,2,139,3,0,0,1,0,1,0
27,0.4,0.49,2,135,3,0,0,1,0,1,0
30,0.09,0.62,6,294,4,0,0,1,0,1,0
38,0.11,0.89,6,306,4,0,0,1,0,1,0
42,0.4,0.46,2,127,3,0,0,1,0,1,0
65,0.81,0.7,6,161,4,0,0,1,0,0,1
85,0.11,0.87,6,305,4,0,0,1,0,1,0
95,0.37,0.51,2,155,3,0,0,1,0,1,0
98,0.11,0.97,6,284,4,0,0,1,0,1,0
99,0.9,1.0,5,221,6,0,0,1,0,0,1
110,0.43,0.47,2,144,3,0,0,1,0,0,1
111,0.09,0.85,6,289,4,0,0,1,1,0,0
145,0.41,0.46,2,151,3,0,0,1,0,1,0
156,0.83,1.0,5,240,5,0,0,1,0,1,0
157,0.11,0.92,6,305,4,0,0,1,0,1,0
171,0.41,0.46,2,160,3,0,1,1,0,1,0
183,0.11,0.8,6,285,4,0,0,1,0,0,1
192,0.74,0.91,4,232,5,0,0,1,0,0,1
200,0.9,0.82,5,259,5,0,0,1,0,1,0
221,0.37,0.5,2,135,3,0,0,1,0,1,0
240,0.1,0.87,7,289,4,0,0,1,0,1,0
241,0.37,0.46,2,156,3,0,0,1,0,1,0
243,0.4,0.5,2,128,3,0,0,1,0,1,0
256,0.11,0.81,6,266,4,1,0,1,0,0,1
263,0.11,0.78,6,260,4,0,0,1,0,0,1
267,0.45,0.53,2,129,3,0,0,1,1,0,0
270,0.44,0.51,2,127,3,0,0,1,0,0,1
272,0.81,0.93,5,270,5,0,0,1,0,0,1
276,0.1,0.97,6,267,4,1,0,1,0,1,0
289,0.36,0.48,2,137,3,0,0,1,0,1,0
311,0.11,0.95,7,300,4,0,0,1,0,0,1
347,0.11,0.8,6,282,4,0,0,1,0,0,1
358,0.31,0.62,6,135,5,0,0,1,0,1,0
367,0.4,0.56,2,131,3,0,0,1,0,1,0
369,0.1,0.82,6,266,4,0,0,1,0,1,0
375,0.73,0.99,5,262,5,0,0,1,0,0,1
391,0.45,0.55,2,148,3,0,0,1,0,1,0
406,0.73,0.99,5,241,5,0,0,1,0,1,0
421,0.1,0.94,6,287,4,0,0,1,0,0,1
476,0.11,0.87,5,271,4,0,0,1,0,1,0
478,0.76,0.83,5,227,5,0,0,1,0,1,0
488,0.1,0.83,7,276,4,0,0,1,0,1,0
500,0.91,0.84,5,265,5,0,0,1,0,0,1
504,0.78,0.83,4,217,6,0,0,1,0,0,1
506,0.83,0.98,4,259,5,0,0,1,0,0,1
532,0.1,0.84,6,246,4,0,0,1,0,0,1
535,0.37,0.56,2,156,3,0,0,1,0,0,1
549,0.41,0.47,2,138,3,0,0,1,0,1,0
551,0.75,0.99,5,254,5,0,0,1,0,1,0
554,0.43,0.53,2,150,3,0,0,1,0,1,0
565,0.79,0.58,3,294,4,0,0,1,0,1,0
567,0.1,0.97,6,282,4,0,0,1,0,0,1
569,0.25,0.46,4,214,4,0,0,1,0,0,1
573,0.36,0.47,2,148,3,0,0,1,0,0,1
576,0.48,0.78,2,198,2,0,0,1,0,0,1
587,0.8,0.83,2,211,3,0,0,1,0,1,0
611,0.39,0.53,2,127,3,0,0,1,0,0,1
612,0.37,0.47,2,138,3,1,0,1,0,0,1
624,0.38,0.5,2,140,3,0,0,1,0,1,0
640,0.37,0.52,2,128,3,0,0,1,0,1,0
643,0.37,0.47,2,148,3,0,0,1,0,1,0
654,0.1,0.89,7,308,4,0,0,1,0,0,1
658,0.38,0.53,2,146,3,0,0,1,0,1,0
668,0.1,0.92,6,258,4,0,0,1,0,1,0
672,0.46,0.57,2,154,3,0,0,1,0,1,0
697,0.11,0.8,6,306,4,0,0,1,0,1,0
698,0.43,0.48,2,135,3,0,0,1,0,0,1
701,0.89,0.82,4,243,5,0,0,1,0,0,1
707,0.79,0.91,5,271,5,0,0,1,0,1,0
709,0.42,0.48,2,140,3,0,0,1,0,1,0
713,0.73,0.92,5,232,5,0,0,1,0,1,0
715,0.36,0.45,2,127,3,0,0,1,0,1,0
718,0.91,1.0,5,244,6,0,0,1,0,1,0
733,0.38,0.45,2,129,3,0,0,1,0,0,1
738,0.11,0.87,6,257,4,0,0,1,0,0,1
739,0.11,0.85,7,275,4,0,0,1,0,0,1
740,0.1,0.89,7,291,4,0,0,1,0,0,1
751,0.46,0.45,2,138,3,0,1,1,0,1,0
762,0.41,0.47,2,131,3,0,0,1,0,0,1
771,0.1,0.86,6,309,4,0,0,1,0,0,1
778,0.1,0.92,7,269,4,0,0,1,0,0,1
807,0.86,1.0,5,227,5,0,0,1,0,0,1
835,0.11,0.78,6,300,4,1,0,1,0,1,0
843,0.66,0.47,7,156,2,0,0,1,0,0,1
850,0.37,0.47,2,151,3,0,0,1,0,0,1
860,0.79,1.0,4,218,5,0,0,1,0,1,0
866,0.41,0.46,2,128,3,0,0,1,0,1,0
869,0.38,0.57,2,152,3,1,0,1,0,1,0
873,0.78,1.0,5,220,5,0,0,1,0,1,0
905,0.76,0.93,5,238,5,0,0,1,0,1,0
916,0.11,0.82,6,304,4,1,0,1,0,1,0
924,0.42,0.56,2,147,3,0,0,1,0,0,1
925,0.11,0.8,7,243,4,0,0,1,0,0,1
927,0.46,0.86,2,212,4,0,0,1,0,0,1
936,0.1,0.95,7,301,4,0,0,1,0,1,0
945,0.87,1.0,5,274,5,0,0,1,0,1,0
956,0.46,0.53,2,143,3,1,0,1,0,1,0
958,0.41,0.5,2,153,3,0,0,1,0,0,1
960,0.39,0.51,2,132,3,0,0,1,0,0,1
969,0.41,0.48,2,130,3,0,0,1,1,0,0
975,0.36,0.54,2,136,3,0,0,1,0,1,0
982,0.85,0.97,4,266,6,0,0,1,0,1,0
996,0.38,0.54,2,157,3,0,0,1,0,0,1
1024,0.42,0.47,2,129,3,0,0,1,0,1,0
1028,0.88,0.89,4,275,5,0,0,1,0,1,0
1032,0.84,0.88,5,237,5,0,0,1,0,1,0
1049,0.74,0.89,5,232,6,0,0,1,0,0,1
1052,0.37,0.48,2,129,3,0,0,1,0,0,1
1059,0.7,0.93,2,310,3,0,0,1,0,1,0
1071,0.9,0.95,5,275,3,0,0,1,0,1,0
1103,0.38,0.52,2,156,3,0,0,1,0,1,0
1112,0.09,0.82,6,251,4,0,0,1,0,1,0
1120,0.11,0.91,6,278,4,0,0,1,0,0,1
1143,0.1,0.91,6,286,4,0,0,1,0,1,0
1168,0.79,0.84,5,245,5,0,0,1,0,0,1
1171,0.11,0.91,6,302,4,0,0,1,0,1,0
1178,0.85,0.89,4,221,5,0,0,1,0,1,0
1191,0.09,0.77,6,256,5,0,0,1,0,0,1
1194,0.21,0.58,7,203,5,0,0,1,0,0,1
1195,0.8,0.85,4,264,5,0,0,1,0,0,1
1200,0.83,1.0,5,263,5,0,0,1,0,0,1
1207,0.81,0.98,5,237,5,0,0,1,0,0,1
1232,0.09,0.88,7,265,4,0,0,1,0,0,1
1236,0.36,0.47,2,129,3,0,0,1,0,0,1
1238,0.66,1.0,5,269,5,0,0,1,0,0,1
1239,0.38,0.47,2,152,3,0,0,1,0,0,1
1240,0.43,0.51,2,132,3,0,0,1,0,0,1
1268,0.36,0.55,2,134,3,0,0,1,0,1,0
1291,0.1,0.9,6,272,5,0,0,1,0,1,0
1293,0.72,1.0,2,240,2,0,0,1,0,1,0
1294,0.44,0.55,2,137,3,0,0,1,0,1,0
1308,0.09,0.94,6,266,4,0,0,1,0,0,1
1311,0.39,0.49,2,146,3,0,0,1,0,0,1
1314,0.4,0.52,2,136,3,0,0,1,0,0,1
1317,0.37,0.51,2,127,3,0,0,1,0,0,1
1328,0.1,0.96,7,301,4,0,0,1,0,1,0
1331,0.09,0.86,6,297,4,0,0,1,0,1,0
1338,0.51,0.79,4,134,3,0,0,1,0,1,0
1341,0.9,0.94,5,247,5,0,0,1,0,1,0
1346,0.73,0.95,4,223,6,0,0,1,0,1,0
1347,0.1,0.96,6,292,4,0,0,1,0,0,1
1355,0.83,0.95,5,221,5,0,0,1,0,0,1
1374,0.78,0.81,4,253,5,0,0,1,0,1,0
1387,0.4,0.5,2,135,3,0,0,1,0,0,1
1391,0.72,1.0,4,169,3,0,0,1,0,0,1
1392,0.39,0.57,2,157,3,0,0,1,0,0,1
1401,0.11,0.87,6,272,4,0,0,1,0,0,1
1407,0.81,1.0,4,241,5,0,0,1,0,1,0
1430,0.43,0.52,2,156,3,0,0,1,0,0,1
1442,0.43,0.52,2,154,3,1,0,1,0,0,1
1444,0.41,0.48,2,141,3,0,0,1,0,1,0
1479,0.39,0.57,2,142,3,0,0,1,0,0,1
1488,0.1,0.96,7,288,4,0,0,1,0,1,0
1511,0.4,0.46,2,156,3,0,0,1,0,0,1
1528,0.41,0.56,2,160,3,0,0,1,0,1,0
1537,0.4,0.57,2,152,3,0,0,1,0,1,0
1546,0.73,0.84,5,251,6,0,0,1,0,0,1
1549,0.88,1.0,4,259,5,0,0,1,0,0,1
1550,0.09,0.87,7,305,4,0,0,1,0,0,1
1552,0.17,0.55,6,250,5,0,0,1,0,0,1
1553,0.82,0.82,5,220,6,0,0,1,0,0,1
1569,0.37,0.48,2,153,3,0,0,1,0,1,0
1580,0.49,0.73,4,244,3,0,0,1,0,1,0
1598,0.83,0.94,5,273,5,0,0,1,0,0,1
1612,0.43,0.55,4,134,3,0,0,1,0,1,0
1623,0.39,0.53,2,153,3,0,0,1,0,0,1
1628,0.4,0.54,2,156,3,0,0,1,0,0,1
1640,0.91,0.89,5,217,5,0,0,1,0,1,0
1643,0.09,0.83,6,295,5,0,0,1,0,1,0
1649,0.38,0.51,2,138,3,0,0,1,0,1,0
1652,0.87,0.97,5,250,6,0,0,1,0,1,0
1657,0.11,0.86,6,245,4,0,0,1,0,1,0
1663,0.37,0.46,2,130,3,1,0,1,0,0,1
1677,0.39,0.54,2,149,3,0,0,1,0,1,0
1684,0.38,0.49,2,128,3,0,0,1,0,1,0
1689,0.38,0.51,2,141,3,0,0,1,0,1,0
1695,0.78,0.96,5,272,5,0,0,1,0,1,0
1713,0.63,0.93,5,163,3,0,0,1,0,0,1
1715,0.36,0.46,2,157,3,0,0,1,0,0,1
1729,0.86,0.95,4,270,5,0,0,1,0,1,0
1730,0.44,0.55,2,141,3,0,0,1,0,1,0
1773,0.11,0.87,6,273,4,0,0,1,0,1,0
1787,0.45,0.57,2,138,3,0,0,1,0,0,1
1791,0.09,0.92,7,245,4,0,0,1,0,0,1
1801,0.11,0.79,6,264,4,0,0,1,0,1,0
1803,0.44,0.48,2,155,3,0,0,1,0,1,0
1804,0.38,0.51,2,137,3,0,0,1,0,1,0
1825,0.82,0.91,5,276,6,0,0,1,0,0,1
1829,0.1,0.93,6,258,4,0,0,1,0,0,1
1832,0.82,0.92,4,252,5,0,0,1,0,0,1
1855,0.85,0.87,5,246,5,1,0,1,0,0,1
1862,0.1,0.9,7,269,4,0,0,1,0,0,1
1869,0.11,0.77,6,247,4,0,0,1,0,0,1
1897,0.1,0.94,7,264,4,0,0,1,0,0,1
1908,0.83,0.85,5,237,5,0,0,1,0,0,1
1912,0.37,0.57,2,158,3,0,0,1,0,1,0
1924,0.82,0.86,5,257,5,0,0,1,0,1,0
1959,0.37,0.48,2,160,3,0,0,1,0,1,0
1969,0.41,0.55,2,161,3,0,0,1,0,1,0
1978,0.44,0.56,2,156,3,0,0,1,0,0,1
1979,0.92,0.82,5,265,5,0,0,1,0,0,1
1981,0.76,1.0,4,220,6,0,0,1,0,0,1
1991,0.38,0.49,2,155,3,0,0,1,0,1,0
2003,0.78,0.82,5,247,3,0,0,0,0,1,0
2020,0.79,0.97,5,266,2,0,0,0,0,0,1
2023,1.0,0.41,4,174,3,0,0,0,0,1,0
2037,0.61,0.41,3,138,3,0,0,0,0,1,0
2041,0.98,0.91,4,240,3,0,0,0,0,1,0
2074,0.45,0.66,3,111,4,0,0,0,0,1,0
2097,0.94,0.83,2,185,3,1,0,0,0,0,1
2123,0.84,0.89,4,187,2,1,0,0,0,1,0
2130,0.76,0.68,4,189,2,1,0,0,0,0,1
2141,0.33,0.58,2,183,2,0,0,0,0,0,1
2162,0.54,0.96,4,248,3,0,0,0,0,1,0
2166,0.75,0.7,3,129,3,0,0,0,0,0,1
2186,0.83,0.54,3,149,3,0,0,0,0,1,0
2214,0.59,0.52,2,149,3,0,0,0,0,0,1
2228,0.89,0.68,3,175,2,0,0,0,0,1,0
2243,0.92,0.49,3,240,2,0,0,0,0,1,0
2262,0.61,0.39,3,99,2,0,0,0,0,1,0
2293,0.75,0.77,4,136,3,0,0,0,0,0,1
2299,0.38,0.44,3,137,3,0,0,0,0,0,1
2301,0.91,0.61,2,272,2,0,0,0,0,1,0
2311,0.65,0.5,5,270,2,0,0,0,0,1,0
2317,0.68,0.69,3,185,2,0,0,0,0,1,0
2334,0.79,0.5,5,176,3,0,0,0,1,0,0
2337,0.57,0.48,4,161,3,0,0,0,0,0,1
2347,0.69,0.89,4,174,2,0,0,0,0,1,0
2369,0.48,0.69,4,245,3,0,0,0,0,0,1
2404,0.16,0.76,5,192,3,0,0,0,0,0,1
2421,0.69,0.76,5,255,6,0,0,0,0,1,0
2454,0.72,0.79,3,149,3,0,0,0,0,0,1
2456,0.53,0.67,4,238,2,0,0,0,0,0,1
2463,0.79,0.57,3,250,3,0,0,0,0,1,0
2467,0.85,0.75,4,139,3,0,0,0,0,1,0
2487,0.82,0.68,2,285,2,0,0,0,0,0,1
2495,0.76,0.84,4,236,4,0,0,0,0,0,1
2500,0.24,0.5,5,174,4,0,0,0,0,1,0
2530,0.49,0.8,2,275,2,0,0,0,0,1,0
2532,0.75,0.87,4,193,3,0,0,0,0,0,1
2536,0.61,0.59,5,271,2,0,0,0,0,1,0
2557,0.61,0.55,5,260,3,0,0,0,0,0,1
2562,0.49,0.95,4,156,2,0,0,0,0,0,1
2563,0.96,0.81,3,212,3,0,0,0,0,0,1
2570,0.8,0.96,3,257,5,0,0,0,0,0,1
2571,0.78,0.82,4,143,3,0,0,0,0,0,1
2581,0.63,0.96,5,152,3,0,0,0,0,1,0
2588,0.52,0.84,2,226,3,0,0,0,0,1,0
2624,0.82,0.62,4,202,2,0,0,0,0,1,0
2625,0.6,0.91,2,168,4,0,0,0,0,1,0
2649,0.76,0.56,3,255,3,0,0,0,0,0,1
2674,0.57,0.87,4,171,2,0,0,0,0,0,1
2688,0.83,0.55,5,261,5,0,0,0,0,0,1
2691,0.66,0.48,3,192,3,1,0,0,0,1,0
2703,0.76,0.93,3,271,5,0,0,0,0,1,0
2723,0.46,0.64,2,121,3,0,0,0,0,0,1
2757,0.5,0.68,4,161,3,0,0,0,0,0,1
2759,0.89,0.69,3,173,3,0,0,0,0,0,1
2760,0.54,0.49,4,152,3,1,0,0,0,0,1
2763,0.84,0.99,2,184,2,0,0,0,1,0,0
2766,0.8,0.54,4,269,3,0,0,0,0,0,1
2784,0.17,0.93,3,218,4,0,0,0,0,1,0
2831,0.49,0.96,3,140,3,0,0,0,0,0,1
2837,0.72,0.68,5,266,4,0,0,0,0,0,1
2843,0.5,0.95,5,137,3,0,0,0,0,0,1
2848,0.53,0.92,3,207,4,1,0,0,0,1,0
2849,0.65,0.72,3,134,3,0,0,0,0,1,0
2861,0.91,0.89,4,144,3,1,0,0,0,1,0
2866,0.65,0.99,4,200,4,0,0,0,0,1,0
2878,0.74,0.59,4,155,3,0,0,0,0,0,1
2882,0.92,0.94,5,248,3,0,0,0,0,0,1
2888,0.66,0.75,4,203,3,1,0,0,0,1,0
2899,0.97,0.61,3,165,2,0,0,0,0,1,0
2911,0.19,0.51,5,226,3,0,0,0,0,0,1
2941,0.67,0.52,2,102,6,0,0,0,0,1,0
2952,0.96,0.62,4,217,2,0,0,0,0,0,1
2956,0.85,0.79,3,157,4,0,0,0,0,0,1
2961,0.78,0.51,4,278,3,0,0,0,0,0,1
2978,0.88,0.86,3,187,3,0,0,0,0,1,0
2994,0.64,0.96,4,152,5,0,0,0,0,0,1
2996,0.88,0.68,4,274,4,0,0,0,0,0,1
3006,0.84,0.85,3,153,4,0,0,0,0,1,0
3012,0.73,0.93,5,167,3,0,0,0,0,1,0
3024,0.41,0.96,6,171,5,1,0,0,0,0,1
3029,0.82,0.89,4,237,3,0,0,0,0,0,1
3045,0.9,0.69,4,174,2,0,0,0,0,1,0
3057,0.58,0.77,4,145,3,1,0,0,0,1,0
3059,0.25,0.65,3,264,4,0,0,0,0,1,0
3074,0.21,0.81,4,144,4,0,0,0,0,0,1
3083,0.46,0.49,3,213,3,0,0,0,0,1,0
3104,0.96,0.82,4,274,3,0,0,0,0,0,1
3121,0.66,0.76,3,155,4,1,0,0,0,1,0
3132,0.5,0.73,3,148,3,0,0,0,0,1,0
3138,0.51,0.39,3,149,3,0,0,0,0,1,0
3147,0.49,0.71,3,154,2,0,0,0,0,0,1
3148,0.99,0.61,3,167,3,0,0,0,0,0,1
3154,0.87,0.52,3,158,2,1,0,0,0,1,0
3168,0.71,0.62,3,258,2,0,0,0,0,0,1
3174,0.71,0.64,4,189,3,0,0,0,0,0,1
3191,0.79,0.6,5,235,2,0,0,0,0,0,1
3196,0.66,0.59,3,204,3,0,0,0,1,0,0
3215,0.34,0.63,5,248,3,0,0,0,0,1,0
3216,0.87,0.75,4,218,2,0,0,0,0,1,0
3223,0.65,1.0,4,249,3,0,0,0,0,0,1
3239,0.83,0.61,5,257,2,0,0,0,0,1,0
3246,0.21,0.9,2,239,2,0,0,0,0,1,0
3251,0.66,0.59,5,262,2,0,0,0,0,0,1
3272,0.51,0.43,3,204,4,0,0,0,0,0,1
3286,0.88,0.86,5,257,3,0,0,0,0,1,0
3289,0.96,0.67,5,170,3,0,0,0,1,0,0
3313,0.53,0.73,4,227,3,0,0,0,0,0,1
3319,0.59,0.72,3,188,3,1,0,0,0,1,0
3321,0.99,0.73,5,197,4,1,0,0,0,1,0
3332,0.72,0.68,4,238,3,0,0,0,0,1,0
3336,0.8,0.41,6,185,4,0,0,0,0,0,1
3338,0.56,0.95,3,241,3,0,0,0,0,0,1
3344,0.64,0.95,3,98,3,0,0,0,0,0,1
3354,0.93,0.89,4,209,2,0,0,0,0,0,1
3365,0.57,0.54,3,140,3,0,0,0,0,1,0
3367,0.8,0.93,4,258,3,0,0,0,1,0,0
3372,0.97,0.52,4,231,3,0,0,0,0,1,0
3381,0.55,0.69,3,225,2,0,0,0,0,0,1
3390,0.71,0.55,5,224,3,0,0,0,0,0,1
3394,0.99,0.6,4,259,4,0,0,0,0,1,0
3399,0.13,1.0,4,157,5,1,0,0,0,1,0
3418,0.36,0.55,6,226,6,0,0,0,0,0,1
3423,0.65,0.69,6,131,5,0,0,0,0,0,1
3435,0.24,0.48,5,123,5,1,0,0,0,1,0
3437,0.92,0.82,3,185,3,0,0,0,0,1,0
3446,0.67,0.44,5,212,4,0,0,0,0,1,0
3453,0.8,0.94,4,200,4,0,0,0,0,0,1
3466,0.86,0.87,3,205,4,0,0,0,0,1,0
3468,1.0,0.79,5,152,4,0,0,0,0,0,1
3482,0.78,0.92,5,137,2,0,0,0,0,1,0
3486,0.85,0.67,4,228,4,0,0,0,0,1,0
3498,0.81,0.76,5,198,4,0,0,0,0,0,1
3499,0.67,0.55,3,175,2,0,0,0,0,0,1
3508,0.66,0.57,3,161,2,1,0,0,0,0,1
3521,0.79,0.67,4,267,3,0,0,0,0,1,0
3534,0.59,0.66,3,186,3,0,0,0,0,0,1
3537,0.93,0.92,3,205,3,0,0,0,0,0,1
3594,0.31,0.98,5,232,5,0,0,0,0,1,0
3606,0.58,0.62,3,169,2,0,0,0,0,0,1
3608,0.89,0.66,5,224,2,0,0,0,0,0,1
3615,0.75,1.0,3,102,3,0,0,0,0,0,1
3622,0.61,0.94,3,224,4,0,0,0,0,0,1
3624,0.65,0.66,5,239,4,0,0,0,0,1,0
3643,1.0,0.73,3,205,2,0,0,0,0,0,1
3669,0.63,0.98,3,160,4,1,0,0,0,1,0
3670,0.49,0.92,5,176,3,0,0,0,0,1,0
3671,0.7,0.7,3,224,3,0,0,0,0,1,0
3674,0.71,0.87,5,173,3,0,0,0,0,1,0
3684,0.76,0.56,4,214,2,1,0,0,0,0,1
3700,0.58,0.8,3,181,4,0,0,0,1,0,0
3706,0.65,0.55,4,250,2,0,0,0,0,1,0
3708,0.75,0.73,3,225,4,0,0,0,0,1,0
3710,0.34,0.46,2,169,2,1,0,0,0,1,0
3713,0.98,0.77,5,223,2,1,0,0,0,0,1
3723,0.48,0.73,5,152,6,0,0,0,0,0,1
3727,0.81,0.52,3,255,5,0,0,0,0,0,1
3731,0.95,0.49,4,229,3,0,0,0,0,0,1
3733,0.81,0.52,4,270,3,0,0,0,0,0,1
3734,0.21,0.56,6,277,5,0,0,0,0,0,1
3744,0.89,0.79,5,257,3,0,0,0,0,0,1
3755,0.95,0.71,3,223,2,0,0,0,0,1,0
3761,0.84,0.49,4,152,3,0,0,0,0,1,0
3763,0.78,0.92,3,169,3,0,0,0,1,0,0
3777,0.9,0.94,4,231,3,0,0,0,0,0,1
3781,0.63,0.79,4,228,4,0,0,0,0,1,0
3782,0.83,0.93,3,220,4,0,0,0,0,1,0
3783,0.85,0.55,4,233,2,1,0,0,0,1,0
3785,0.79,0.97,5,187,3,0,0,0,0,1,0
3786,0.37,0.71,3,117,3,0,0,0,0,1,0
3787,0.85,0.9,3,184,3,1,0,0,0,1,0
3789,0.99,0.62,4,140,2,1,0,0,0,1,0
3796,0.48,0.65,3,199,2,0,0,0,0,1,0
3801,0.5,0.6,2,177,3,1,0,0,0,0,1
3827,0.6,0.77,4,229,2,0,0,0,0,1,0
3844,0.75,0.57,5,162,3,0,0,0,0,0,1
3865,0.6,0.82,4,272,3,0,0,0,0,1,0
3889,0.76,0.52,3,248,3,0,0,0,0,0,1
3906,0.98,0.99,5,141,3,0,0,0,0,1,0
3911,0.86,0.96,4,196,3,0,0,0,0,1,0
3924,0.86,0.83,5,208,2,1,0,0,0,0,1
3947,0.99,0.86,4,206,2,0,0,0,0,1,0
3956,0.44,0.55,3,170,3,1,0,0,0,1,0
3957,0.54,0.91,3,151,3,0,0,0,0,0,1
3972,0.73,0.75,2,243,5,1,0,0,0,0,1
3974,0.99,0.61,3,254,3,0,0,0,0,0,1
3976,0.67,0.66,3,237,3,0,0,0,0,1,0
3990,0.89,0.93,4,249,3,0,0,0,0,1,0
3993,0.74,0.59,4,177,4,1,0,0,0,0,1
4033,0.94,0.6,4,215,2,1,0,0,0,0,1
4040,0.34,0.99,4,184,3,0,0,0,0,0,1
4043,0.93,0.58,4,222,2,0,0,0,0,0,1
4046,0.71,0.96,4,144,4,0,0,0,0,0,1
4061,0.49,0.54,4,173,2,0,0,0,0,1,0
4065,0.83,0.55,5,247,3,0,0,0,0,1,0
4075,0.24,0.54,4,226,4,1,0,0,0,0,1
4092,0.65,0.82,4,207,2,0,0,0,0,1,0
4093,0.69,0.74,4,266,2,1,0,0,0,1,0
4102,0.15,0.61,3,146,6,1,0,0,0,0,1
4105,0.72,0.69,4,149,2,0,0,0,0,0,1
4116,0.17,0.41,4,232,3,1,0,0,0,0,1
4126,0.14,0.76,5,260,6,0,0,0,1,0,0
4130,0.81,0.58,3,243,4,0,0,0,1,0,0
4145,0.54,0.67,2,129,3,1,0,0,0,1,0
4154,0.98,0.66,3,150,3,0,0,0,0,0,1
4172,0.94,0.84,3,210,2,0,0,0,0,1,0
4200,0.5,0.58,4,165,2,0,0,0,1,0,0
4203,0.57,0.68,3,102,6,0,0,0,0,0,1
4208,0.96,0.84,4,272,4,1,0,0,0,0,1
4209,0.96,0.5,3,158,2,1,0,0,0,0,1
4221,0.71,0.99,4,238,4,1,0,0,1,0,0
4253,0.92,0.53,2,261,4,0,0,0,0,1,0
4267,0.64,0.89,3,175,3,1,0,0,1,0,0
4272,0.54,0.81,5,261,6,0,0,0,0,0,1
4294,0.52,0.85,3,250,4,0,0,0,0,1,0
4295,0.51,0.5,5,251,3,1,0,0,0,1,0
4340,0.2,0.57,4,269,5,1,0,0,0,1,0
4348,0.78,0.92,5,242,4,0,0,0,0,0,1
4372,0.52,0.71,2,231,2,0,0,0,0,1,0
4385,0.69,0.75,4,261,3,0,0,0,0,0,1
4392,0.49,0.55,2,173,3,0,0,0,0,0,1
4394,0.81,0.84,4,143,2,0,0,0,0,0,1
4398,0.44,0.45,3,133,2,1,0,0,0,0,1
4401,0.6,0.72,4,267,4,0,0,0,0,1,0
4402,0.89,0.65,4,184,3,0,0,0,0,1,0
4412,0.55,0.93,4,239,4,0,0,0,0,1,0
4430,0.51,0.58,4,272,3,0,0,0,0,0,1
4431,0.16,0.52,3,100,4,0,0,0,0,0,1
4451,0.87,0.68,5,187,3,0,0,0,0,1,0
4456,0.63,0.56,4,228,3,0,0,0,0,1,0
4469,0.68,0.76,3,190,3,1,0,0,0,0,1
4476,0.86,0.6,5,134,2,1,0,0,0,1,0
4477,0.83,0.9,3,195,3,0,0,0,0,1,0
4493,0.68,0.52,5,203,3,0,0,0,0,1,0
4503,0.95,0.96,5,175,3,1,1,0,0,0,1
4511,0.49,0.52,4,183,2,0,1,0,0,0,1
4517,0.25,0.59,4,218,3,1,0,0,0,1,0
4532,0.89,0.9,4,160,2,0,0,0,0,1,0
4570,0.66,0.9,3,217,4,0,0,0,0,0,1
4573,0.75,0.37,3,256,3,0,0,0,0,0,1
4574,0.7,0.98,4,194,2,0,0,0,0,0,1
4586,0.77,0.97,3,184,3,1,0,0,0,0,1
4587,0.49,0.71,2,117,3,0,0,0,1,0,0
4589,0.99,0.91,3,241,2,0,0,0,1,0,0
4590,0.69,0.84,3,227,3,1,0,0,1,0,0
4594,0.22,0.89,4,262,4,0,0,0,1,0,0
4619,0.69,0.64,4,200,3,0,0,0,0,0,1
4622,0.97,0.68,3,185,2,0,0,0,0,0,1
4632,0.36,0.72,3,179,3,0,0,0,1,0,0
4637,0.62,0.64,4,142,2,0,0,0,0,1,0
4654,0.75,0.78,4,158,5,1,0,0,0,0,1
4655,0.8,0.86,3,136,2,0,0,0,0,0,1
4662,0.66,0.57,3,169,4,1,0,0,0,0,1
4701,0.28,0.76,3,150,2,0,0,0,0,0,1
4711,0.73,0.5,4,224,4,1,0,0,0,1,0
4713,0.69,0.68,5,167,3,0,0,0,0,1,0
4714,0.79,0.89,3,104,4,0,0,0,0,1,0
4718,0.92,0.9,4,249,3,0,0,0,0,1,0
4719,0.96,0.75,4,177,2,0,0,0,0,1,0
4729,0.6,0.9,4,178,3,0,1,0,1,0,0
4740,0.75,0.95,3,253,3,0,0,0,0,0,1
4756,0.88,0.95,3,137,3,0,0,0,0,1,0
4775,1.0,0.8,5,162,3,1,0,0,0,0,1
4794,0.32,0.72,2,240,5,0,0,0,0,1,0
4806,0.6,0.56,4,138,3,0,0,0,0,1,0
4813,0.72,0.92,3,225,3,0,0,0,0,0,1
4850,0.65,0.97,4,145,2,0,0,0,0,0,1
4854,0.79,0.69,4,209,2,0,0,0,0,0,1
4864,0.91,0.99,3,188,3,1,0,0,0,0,1
4873,0.62,0.58,3,192,2,0,0,0,0,1,0
4880,0.59,0.65,4,163,3,1,0,0,0,1,0
4898,0.95,0.52,3,144,3,0,0,0,0,0,1
4918,0.6,0.82,4,194,3,0,0,0,0,1,0
4922,0.95,0.7,4,267,3,1,0,0,0,1,0
4935,0.67,0.71,4,173,3,0,0,0,1,0,0
4938,0.9,0.7,3,274,3,0,0,0,0,0,1
4957,0.78,0.55,3,144,2,0,0,0,0,1,0
4960,0.5,0.49,3,180,3,1,0,0,0,1,0
4963,0.77,0.89,5,152,3,0,0,0,0,0,1
4969,0.89,0.88,3,165,4,0,0,0,0,0,1
4973,0.68,0.92,2,184,4,0,0,0,0,0,1
4975,0.86,0.94,5,209,4,0,0,0,0,1,0
4981,0.8,0.96,5,124,3,0,0,0,0,1,0
4984,0.91,0.8,4,181,3,0,0,0,0,1,0
5030,0.62,0.69,3,261,2,0,0,0,0,0,1
5040,0.73,0.66,6,195,3,0,1,0,0,0,1
5049,0.6,0.54,3,265,3,1,0,0,0,0,1
5057,0.77,0.58,4,243,4,1,1,0,0,0,1
5073,1.0,0.85,3,150,3,0,0,0,0,1,0
5086,0.7,0.56,4,107,6,0,0,0,0,0,1
5112,0.2,0.53,6,189,4,0,0,0,0,0,1
5134,0.62,0.91,3,195,3,0,0,0,0,0,1
5159,0.65,0.66,5,165,3,0,0,0,0,0,1
5195,0.52,0.78,4,237,3,0,0,0,0,1,0
5220,0.53,0.5,4,185,3,0,0,0,0,1,0
5227,0.64,0.65,3,181,2,0,0,0,1,0,0
5236,0.24,0.89,5,142,4,0,0,0,0,0,1
5281,0.68,0.68,3,143,3,0,0,0,0,0,1
5304,0.69,0.83,4,264,3,0,0,0,0,1,0
5315,0.88,0.98,3,152,3,0,0,0,0,0,1
5320,0.53,0.59,4,265,2,0,0,0,0,0,1
5327,0.65,0.52,4,266,3,1,0,0,0,0,1
5370,0.64,0.61,3,221,3,0,0,0,0,1,0
5376,0.65,0.57,3,238,3,0,0,0,0,1,0
5393,0.91,0.97,4,139,3,0,0,0,0,0,1
5399,0.84,0.53,5,190,3,0,0,0,0,0,1
5408,0.37,0.67,2,159,2,0,0,0,0,1,0
5427,0.68,0.71,5,135,4,1,0,0,0,0,1
5430,0.48,0.97,3,224,6,0,0,0,0,0,1
5434,0.61,0.51,4,242,3,0,0,0,0,0,1
5443,0.62,0.74,4,173,2,0,0,0,0,0,1
5452,0.5,0.73,4,271,2,0,0,0,0,1,0
5454,0.41,0.47,6,171,2,0,0,0,0,1,0
5476,0.83,0.67,4,139,3,0,0,0,0,0,1
5480,0.72,0.66,3,256,2,0,0,0,0,0,1
5486,0.52,0.88,4,155,3,1,0,0,0,1,0
5489,0.76,0.76,5,175,3,0,0,0,0,1,0
5503,0.56,0.63,4,204,4,0,0,0,0,0,1
5507,0.88,0.76,3,223,3,0,0,0,0,0,1
5530,0.7,0.54,3,198,3,1,1,0,0,1,0
5534,0.86,0.87,4,183,3,0,0,0,0,1,0
5571,0.98,0.86,4,254,2,1,0,0,0,1,0
5617,0.81,0.6,3,140,2,0,0,0,1,0,0
5619,0.7,0.88,4,191,3,1,0,0,0,1,0
5623,0.93,0.77,3,202,5,0,0,0,1,0,0
5624,0.62,0.75,3,180,3,0,0,0,0,0,1
5633,0.9,0.64,4,139,3,1,0,0,0,0,1
5637,0.49,0.48,2,186,2,0,0,0,0,0,1
5639,0.79,0.71,3,202,3,0,0,0,0,0,1
5644,0.97,0.7,5,195,2,1,0,0,0,1,0
5653,0.84,0.71,4,273,3,0,0,0,0,1,0
5664,0.78,0.56,5,252,2,0,0,0,1,0,0
5667,0.72,0.53,5,244,4,0,0,0,0,0,1
5675,0.95,0.74,3,212,3,0,0,0,0,0,1
5684,0.7,0.48,4,229,2,0,0,0,1,0,0
5685,0.79,0.95,3,222,4,0,0,0,0,1,0
5694,0.89,0.93,4,137,2,0,0,0,0,1,0
5700,0.99,0.71,4,199,4,0,0,0,0,0,1
5710,0.94,0.53,4,183,3,0,0,0,0,0,1
5737,0.81,0.49,2,205,5,1,0,0,0,1,0
5744,0.75,0.69,3,274,2,0,0,0,0,0,1
5761,0.88,0.53,3,188,3,0,0,0,0,1,0
5763,0.96,0.66,3,230,3,0,0,0,0,1,0
5773,0.45,0.62,6,129,5,0,0,0,0,1,0
5776,0.59,0.58,4,233,4,0,0,0,0,1,0
5780,0.5,0.92,3,186,2,0,0,0,0,0,1
5786,0.55,0.97,3,222,2,0,0,0,0,0,1
5804,0.84,0.85,3,243,2,0,0,0,0,1,0
5810,0.84,0.91,3,247,4,0,0,0,0,1,0
5816,0.85,0.5,4,267,3,0,0,0,0,1,0
5827,0.43,0.93,6,127,3,1,0,0,0,0,1
5830,0.34,0.81,3,257,5,0,0,0,0,1,0
5857,0.54,0.5,4,160,3,0,0,0,0,0,1
5870,0.32,0.79,4,136,3,0,0,0,0,0,1
5888,0.74,0.51,5,258,2,0,0,0,0,1,0
5889,0.14,0.52,4,108,6,0,0,0,0,1,0
5898,0.2,0.73,3,250,5,0,0,0,0,0,1
5906,0.7,0.96,3,263,3,0,0,0,0,0,1
5908,0.35,0.57,3,109,3,0,0,0,0,0,1
5922,0.64,0.68,3,272,3,0,0,0,0,1,0
5934,0.84,0.6,3,186,3,1,0,0,0,0,1
5954,0.94,0.79,3,256,3,0,0,0,0,1,0
5974,0.73,0.9,4,266,3,0,0,0,0,0,1
5975,0.7,0.86,3,141,2,1,0,0,0,0,1
5986,0.57,0.7,3,158,3,0,0,0,1,0,0
6018,0.44,0.66,3,161,3,0,0,0,0,0,1
6024,0.52,0.62,3,275,2,0,0,0,1,0,0
6029,0.85,0.98,5,156,2,0,0,0,0,1,0
6034,0.76,0.58,4,188,3,0,0,0,0,1,0
6044,0.39,0.67,6,276,6,0,0,0,0,0,1
6045,0.24,0.57,5,232,3,0,0,0,0,0,1
6056,0.54,0.47,2,193,4,0,0,0,0,0,1
6091,0.71,0.54,3,201,2,0,0,0,0,0,1
6096,0.93,0.73,4,168,2,0,0,0,0,0,1
6101,0.76,0.77,5,257,3,0,0,0,0,0,1
6105,0.67,0.84,4,197,2,0,0,0,0,1,0
6118,0.15,0.87,4,194,4,0,0,0,0,1,0
6129,0.84,0.54,4,156,4,0,0,0,1,0,0
6135,0.68,0.83,3,144,2,0,0,0,0,0,1
6139,0.5,0.95,2,208,2,0,0,0,0,1,0
6142,0.49,0.83,4,194,3,0,0,0,0,0,1
6157,0.53,0.69,4,257,4,0,0,0,1,0,0
6193,0.73,0.97,3,165,2,0,0,0,0,1,0
6203,0.7,0.93,4,241,3,0,0,0,0,1,0
6204,0.49,0.68,4,201,4,0,0,0,0,0,1
6207,0.63,0.98,4,210,3,0,0,0,0,0,1
6211,0.57,0.72,4,221,3,0,0,0,0,0,1
6218,0.65,0.76,3,111,5,0,0,0,0,0,1
6231,0.54,0.91,3,142,2,0,0,0,0,1,0
6233,0.55,0.69,5,193,2,0,0,0,0,1,0
6237,0.57,0.58,3,132,3,0,0,0,0,1,0
6294,0.59,0.79,3,270,3,0,0,0,1,0,0
6303,0.74,0.92,4,258,3,1,0,0,0,1,0
6307,0.7,0.87,4,252,2,1,0,0,0,1,0
6311,0.8,0.88,5,199,4,0,0,0,0,1,0
6318,0.83,0.64,4,210,3,0,0,0,0,0,1
6326,0.71,0.74,4,206,4,0,0,0,0,0,1
6341,0.72,0.58,3,198,2,0,0,0,0,1,0
6347,0.6,0.45,3,173,2,0,0,0,0,1,0
6348,0.5,0.63,4,229,4,0,0,0,0,1,0
6366,0.6,0.91,3,157,4,0,0,0,0,0,1
6369,0.91,0.81,4,139,2,0,0,0,1,0,0
6370,0.55,0.59,4,230,3,0,0,0,0,1,0
6372,0.37,0.59,3,134,3,0,0,0,0,0,1
6381,0.89,0.62,5,196,3,0,0,0,0,1,0
6384,0.38,0.78,4,159,5,0,0,0,0,1,0
6387,0.61,0.62,2,192,2,1,0,0,0,1,0
6388,0.77,0.64,4,192,3,0,0,0,0,1,0
6389,0.85,0.73,4,174,3,0,0,0,0,1,0
6391,0.59,0.59,4,270,2,0,0,0,0,1,0
6401,0.98,0.76,3,224,2,0,0,0,0,0,1
6407,0.77,0.58,2,247,2,1,0,0,0,0,1
6410,0.85,0.5,3,168,2,1,0,0,0,0,1
6418,0.98,0.7,3,255,2,1,0,0,0,1,0
6424,0.5,0.89,3,187,4,1,0,0,0,0,1
6456,0.52,0.85,5,173,2,0,0,0,1,0,0
6474,0.6,0.91,4,214,2,0,0,0,0,0,1
6477,0.72,0.54,3,286,6,0,0,0,0,0,1
6510,0.62,0.77,3,271,2,0,0,0,0,0,1
6516,0.69,0.67,4,274,4,0,0,0,0,0,1
6528,0.81,0.95,3,212,3,0,0,0,0,0,1
6540,0.95,0.75,5,235,3,1,0,0,0,1,0
6560,0.57,0.59,4,206,3,0,0,0,0,0,1
6562,0.57,0.5,4,177,2,0,0,0,1,0,0
6569,0.62,0.36,2,137,4,1,0,0,0,0,1
6572,0.36,0.74,6,280,3,0,0,0,0,1,0
6584,0.19,0.91,3,268,4,0,0,0,0,1,0
6587,0.75,0.72,5,260,3,0,0,0,0,1,0
6608,0.78,0.96,4,245,3,0,0,0,0,0,1
6609,0.79,0.56,4,132,3,0,0,0,0,0,1
6614,0.65,0.83,4,263,3,1,0,0,1,0,0
6616,0.54,0.65,3,147,3,1,0,0,0,1,0
6623,0.52,0.66,5,184,3,0,0,0,0,1,0
6629,0.32,0.55,4,283,4,0,0,0,0,1,0
6639,0.77,0.71,3,134,3,0,0,0,0,0,1
6652,0.13,0.88,3,146,5,0,0,0,0,1,0
6662,0.62,0.75,4,216,2,0,0,0,0,1,0
6663,0.81,0.96,3,226,3,0,0,0,0,1,0
6685,0.83,0.86,4,139,3,0,0,0,0,0,1
6712,0.89,0.52,3,190,3,0,0,0,0,0,1
6720,0.57,0.49,3,159,4,1,0,0,1,0,0
6722,0.63,0.88,5,260,3,0,0,0,0,0,1
6773,0.65,0.95,3,190,3,0,0,0,0,1,0
6779,0.31,0.92,5,197,5,0,0,0,0,1,0
6780,0.83,0.71,3,243,2,1,0,0,0,1,0
6781,0.8,0.73,3,168,2,0,0,0,0,1,0
6788,0.96,0.82,5,164,2,0,0,0,0,0,1
6799,0.94,0.48,4,218,3,0,0,0,0,0,1
6807,0.96,0.99,4,233,3,0,0,0,0,1,0
6813,0.17,0.57,5,286,3,0,0,0,0,1,0
6814,0.88,0.5,4,216,2,0,0,0,0,1,0
6815,0.97,0.5,3,188,3,1,0,0,0,1,0
6817,0.26,0.45,5,187,2,0,0,0,0,1,0
6837,0.6,0.97,5,145,2,0,0,0,0,0,1
6855,0.76,0.69,4,253,3,0,0,0,0,1,0
6860,0.13,0.93,4,253,5,1,0,0,0,1,0
6862,0.73,0.56,3,215,3,0,0,0,0,0,1
6864,0.23,0.51,6,194,4,1,0,0,0,0,1
6880,0.14,0.71,2,155,3,0,0,0,0,1,0
6887,0.16,0.88,4,201,6,0,0,0,0,0,1
6897,0.87,0.54,3,260,2,0,0,0,0,0,1
6902,0.88,0.88,3,220,4,0,0,0,0,0,1
6903,0.49,0.65,4,176,3,1,0,0,0,0,1
6912,0.92,0.67,4,241,3,0,0,0,1,0,0
6932,0.97,0.66,4,214,2,1,0,0,0,1,0
6946,0.59,0.75,3,168,3,0,0,0,0,0,1
6951,0.73,0.89,3,226,3,1,0,0,1,0,0
6961,0.65,0.53,4,160,3,0,0,0,0,1,0
6967,0.49,0.54,4,247,3,1,0,0,0,0,1
6982,0.74,0.54,6,113,3,0,0,0,0,0,1
7021,0.83,0.5,4,167,3,1,0,0,0,0,1
7023,0.52,0.61,5,162,3,0,0,0,1,0,0
7035,0.8,0.82,4,202,3,0,0,0,0,1,0
7044,0.7,0.48,4,237,3,0,0,0,0,1,0
7047,0.92,0.82,4,207,4,0,0,0,0,1,0
7055,0.49,0.83,3,168,4,1,0,0,0,1,0
7057,0.18,0.97,4,206,3,0,0,0,1,0,0
7085,0.88,0.6,2,168,3,0,0,0,0,1,0
7086,0.57,0.91,4,252,4,0,0,0,0,1,0
7089,0.46,0.49,5,286,5,0,0,0,0,1,0
7093,0.94,0.69,3,164,2,0,0,0,0,1,0
7125,0.56,0.51,5,256,4,1,0,0,0,1,0
7136,0.3,0.86,6,232,3,0,0,0,0,0,1
7145,0.53,0.51,6,272,5,0,0,0,0,0,1
7164,0.78,0.99,3,174,3,0,0,0,0,1,0
7195,0.51,0.58,4,169,2,0,0,0,0,1,0
7197,0.53,0.94,4,202,3,1,0,0,0,1,0
7198,0.69,0.7,4,169,2,0,0,0,0,1,0
7210,0.51,0.89,6,170,4,0,0,0,0,1,0
7212,0.66,0.96,4,160,2,0,0,0,0,0,1
7220,0.8,0.94,3,150,3,0,0,0,0,0,1
7230,0.98,0.97,4,196,4,0,0,0,0,1,0
7241,0.96,0.93,6,240,6,0,0,0,0,1,0
7253,0.94,0.58,4,159,3,0,0,0,0,0,1
7256,0.93,0.87,4,218,4,0,0,0,0,0,1
7262,0.96,0.6,5,182,5,0,0,0,0,0,1
7265,0.99,0.79,4,172,2,0,0,0,0,0,1
7271,0.79,0.98,3,195,2,0,0,0,0,1,0
7282,0.5,0.94,3,262,4,0,0,0,0,1,0
7286,0.87,0.76,5,254,2,1,0,0,0,1,0
7296,0.53,0.4,5,212,3,1,0,0,0,0,1
7309,0.98,0.49,4,214,3,0,0,0,0,1,0
7348,0.61,0.63,4,146,4,1,0,0,0,1,0
7373,0.2,0.52,5,218,5,0,0,0,0,0,1
7377,0.65,0.77,4,273,2,0,0,0,1,0,0
7379,0.98,0.67,4,189,4,0,0,0,1,0,0
7384,0.53,0.43,2,139,3,0,0,0,1,0,0
7392,0.9,0.7,3,223,2,0,0,0,0,1,0
7393,0.59,0.8,3,258,3,1,0,0,0,1,0
7413,0.65,0.67,3,245,3,0,0,0,0,0,1
7419,0.77,0.57,4,238,3,0,0,0,1,0,0
7425,0.6,0.75,4,144,2,0,0,0,0,1,0
7431,0.35,0.52,3,155,3,0,0,0,0,1,0
7433,0.2,0.8,6,251,5,0,0,0,0,0,1
7466,0.57,0.42,2,248,4,0,0,0,0,0,1
7468,0.65,0.96,2,246,2,1,0,0,0,1,0
7469,0.52,0.41,3,283,3,0,0,0,0,1,0
7495,0.5,0.96,4,274,3,0,0,0,0,1,0
7508,0.76,0.81,4,193,3,1,0,0,0,1,0
7518,0.85,0.55,5,182,3,0,0,0,0,1,0
7527,0.96,0.91,3,257,3,0,0,0,0,0,1
7541,0.25,0.68,4,279,5,1,0,0,0,0,1
7542,0.88,0.89,4,135,3,0,0,0,0,0,1
7551,0.95,0.49,3,158,2,0,0,0,0,1,0
7558,0.8,0.65,4,172,3,1,0,0,0,1,0
7563,0.5,0.96,5,229,4,0,0,0,0,0,1
7576,0.66,0.83,4,234,4,0,0,0,0,0,1
7582,0.55,0.97,4,136,4,0,0,0,0,1,0
7592,0.71,0.65,4,239,3,0,0,0,0,1,0
7595,0.81,0.5,4,231,3,1,0,0,0,1,0
7617,0.59,0.56,5,162,4,0,0,0,0,1,0
7633,0.6,0.77,3,202,3,0,0,0,0,1,0
7635,0.57,0.88,3,176,3,0,0,0,0,1,0
7639,0.58,0.92,3,232,5,0,0,0,0,0,1
7642,0.74,0.78,4,203,2,0,0,0,0,0,1
7655,0.2,0.48,4,156,4,1,0,0,0,0,1
7665,0.46,0.47,6,101,5,0,0,0,0,1,0
7680,0.72,0.89,4,217,3,0,0,0,0,0,1
7701,0.8,0.87,4,209,3,0,0,0,0,1,0
7729,0.52,0.85,4,193,3,0,0,0,0,0,1
7736,0.82,0.65,4,168,3,0,0,0,0,1,0
7737,0.26,0.69,4,180,3,1,0,0,0,1,0
7740,0.5,0.53,3,191,2,1,0,0,0,1,0
7744,0.62,0.86,4,135,3,0,0,0,0,1,0
7751,0.23,0.88,5,201,3,0,0,0,0,1,0
7754,0.5,0.74,5,256,3,1,0,0,0,0,1
7766,0.8,0.99,5,187,3,1,0,0,0,0,1
7793,0.89,0.73,3,274,2,0,0,0,0,0,1
7796,0.57,0.85,4,152,3,0,0,0,0,0,1
7798,0.96,0.89,2,239,6,1,0,0,0,0,1
7811,0.94,0.55,3,160,3,0,0,0,0,1,0
7827,0.59,0.62,4,205,3,0,0,0,0,0,1
7829,0.88,0.89,5,189,2,0,0,0,0,0,1
7838,0.57,0.86,3,164,2,0,0,0,0,0,1
7840,0.71,0.55,5,262,3,0,0,0,0,0,1
7863,1.0,0.59,3,253,3,0,0,0,0,1,0
7865,0.85,0.69,4,216,4,0,0,0,0,1,0
7867,0.57,0.52,4,252,2,0,0,0,0,1,0
7889,0.64,0.85,4,265,2,0,0,0,0,1,0
7903,0.6,0.85,2,226,2,1,0,0,0,0,1
7908,0.23,0.78,4,154,6,1,0,0,0,0,1
7909,0.81,0.51,3,247,2,0,0,0,0,0,1
7918,0.9,0.81,6,273,5,0,0,0,0,0,1
7927,0.76,0.98,4,191,2,0,0,0,0,0,1
7959,0.32,0.69,6,192,3,0,0,0,1,0,0
7977,1.0,0.6,4,265,4,0,0,0,0,1,0
7987,0.34,0.76,6,237,5,0,0,0,1,0,0
8001,0.84,0.66,4,204,3,0,0,0,0,0,1
8018,0.72,0.59,4,245,2,0,0,0,0,1,0
8025,0.68,0.93,4,179,2,0,0,0,0,0,1
8026,0.92,0.74,4,213,3,0,0,0,0,0,1
8030,0.76,0.97,5,172,3,0,0,0,0,0,1
8038,0.86,0.57,4,183,3,0,0,0,0,1,0
8042,0.82,0.59,3,155,3,0,0,0,0,0,1
8064,0.5,0.88,4,147,3,0,0,0,0,0,1
8071,0.78,0.99,2,188,2,0,0,0,0,0,1
8103,0.58,0.63,4,190,2,0,0,0,0,0,1
8115,0.37,0.7,2,188,2,0,0,0,1,0,0
8129,0.62,0.78,3,178,3,1,0,0,0,1,0
8133,0.94,0.73,3,154,3,0,0,0,0,1,0
8149,0.95,0.89,5,132,4,0,0,0,0,0,1
8156,0.45,0.75,2,246,2,0,0,0,0,0,1
8161,0.5,0.46,3,165,3,0,0,0,0,1,0
8167,0.63,0.83,4,159,2,0,0,0,0,1,0
8186,0.83,0.89,4,136,3,0,0,0,0,0,1
8193,0.17,0.85,6,245,5,0,0,0,0,0,1
8203,0.8,0.75,4,217,2,0,0,0,0,1,0
8205,0.57,0.7,3,172,3,0,0,0,0,1,0
8215,0.49,0.52,4,251,2,0,0,0,0,1,0
8218,0.19,0.85,6,210,4,0,0,0,0,0,1
8224,0.4,0.41,3,232,3,0,0,0,0,0,1
8250,0.72,0.68,5,162,5,0,0,0,0,1,0
8256,0.66,0.65,4,154,3,0,0,0,0,0,1
8258,0.5,0.84,3,233,3,1,0,0,0,0,1
8272,0.69,0.8,5,263,3,1,0,0,0,0,1
8276,0.89,0.93,3,181,3,0,0,0,0,1,0
8285,0.68,0.95,4,146,2,0,0,0,0,0,1
8291,0.76,0.97,4,219,2,0,0,0,0,0,1
8304,0.55,0.97,4,267,4,0,0,0,0,0,1
8333,0.7,0.99,3,167,3,0,0,0,0,1,0
8334,0.5,0.99,2,258,3,1,0,0,0,0,1
8335,0.59,0.51,2,126,3,0,0,0,0,0,1
8345,0.96,0.83,3,233,3,0,0,0,0,0,1
8368,0.85,0.68,3,272,2,1,0,0,0,0,1
8370,0.23,0.75,6,220,3,0,0,0,0,0,1
8381,0.9,0.59,6,269,4,1,0,0,0,0,1
8391,0.65,0.79,4,241,4,0,0,0,0,0,1
8402,0.56,0.61,3,224,3,0,0,0,0,1,0
8406,0.57,0.54,3,157,4,1,0,0,1,0,0
8408,0.6,0.98,4,265,2,0,0,0,0,1,0
8414,0.82,0.77,4,205,3,0,0,0,0,0,1
8429,0.49,0.9,3,250,2,0,0,0,0,0,1
8450,0.7,0.57,3,179,2,0,0,0,0,1,0
8458,0.69,0.91,6,150,5,0,0,0,0,0,1
8475,0.7,0.72,2,189,3,0,0,0,0,1,0
8495,0.95,0.62,4,255,2,0,0,0,0,0,1
8514,0.89,0.59,3,247,4,0,0,0,0,1,0
8532,0.85,0.88,3,198,4,1,0,0,0,0,1
8547,0.7,0.57,5,247,3,0,0,0,0,1,0
8579,0.59,0.56,4,250,2,0,0,0,0,0,1
8581,0.71,0.84,3,139,2,0,0,0,0,1,0
8583,0.78,0.61,3,227,3,0,0,0,0,0,1
8586,0.87,0.93,4,199,3,0,0,0,0,1,0
8591,0.5,0.48,2,150,3,1,0,0,0,1,0
8609,0.58,0.6,4,147,3,0,0,0,0,0,1
8631,0.19,0.91,5,145,3,0,0,0,0,1,0
8640,0.34,0.88,5,131,6,0,0,0,0,1,0
8646,0.51,0.73,4,174,3,0,0,0,0,0,1
8648,0.95,0.67,4,219,2,0,0,0,0,0,1
8652,0.81,0.72,3,232,3,1,0,0,0,0,1
8655,0.71,0.6,4,208,3,0,0,0,1,0,0
8656,0.32,0.69,5,157,4,0,0,0,0,1,0
8659,0.67,0.85,4,266,3,0,0,0,0,0,1
8671,0.58,0.94,4,225,2,0,0,0,0,1,0
8678,0.13,0.6,3,178,5,0,0,0,0,1,0
8688,0.65,0.92,3,101,3,1,0,0,0,0,1
8691,0.49,0.57,3,157,3,0,0,0,0,0,1
8692,0.95,0.75,3,247,2,0,0,0,0,0,1
8712,0.74,0.75,2,137,3,1,0,0,0,1,0
8739,0.69,0.82,4,137,2,1,0,0,0,1,0
8742,0.84,0.5,5,267,2,0,0,0,0,1,0
8743,0.93,0.48,5,134,6,0,0,0,0,1,0
8748,0.21,0.81,5,169,4,0,0,0,0,0,1
8783,0.66,0.93,4,248,3,0,0,0,1,0,0
8799,0.92,0.95,6,239,4,0,0,0,0,0,1
8800,0.66,0.89,3,202,3,1,0,0,0,0,1
8807,0.49,0.68,3,181,3,0,0,0,0,0,1
8808,0.33,0.95,4,280,3,0,0,0,0,0,1
8811,0.88,0.75,5,152,3,0,0,0,1,0,0
8822,0.78,0.86,4,240,3,0,0,0,0,1,0
8831,0.69,0.95,5,184,2,0,0,0,0,0,1
8835,0.92,0.89,4,236,4,1,0,0,0,0,1
8837,0.81,0.52,4,274,3,0,0,0,0,0,1
8842,0.9,0.64,3,163,3,0,0,0,0,0,1
8844,0.22,0.8,4,149,5,0,0,0,0,0,1
8850,0.97,0.54,3,255,2,1,0,0,1,0,0
8855,0.82,0.76,3,174,3,0,0,0,0,0,1
8856,0.6,0.7,4,265,4,1,0,0,0,0,1
8858,0.73,0.6,4,222,3,0,0,0,0,0,1
8860,0.86,0.61,4,221,2,0,0,0,0,0,1
8866,0.14,0.57,4,207,5,0,0,0,0,1,0
8867,0.15,0.37,2,167,3,0,0,0,0,1,0
8872,0.58,0.77,4,190,6,0,0,0,1,0,0
8884,0.5,0.54,5,173,2,0,0,0,0,0,1
8920,0.71,0.61,2,216,2,0,0,0,0,0,1
8928,0.56,0.86,4,137,2,1,0,0,1,0,0
8934,0.69,0.72,2,190,2,0,0,0,0,0,1
8942,0.92,0.75,4,212,3,0,0,0,0,1,0
8977,0.56,0.84,5,154,2,1,0,0,0,1,0
9005,0.57,0.5,5,149,5,1,0,0,0,0,1
9028,0.52,0.57,5,162,3,0,0,0,0,1,0
9029,0.78,0.66,4,258,3,0,0,0,0,1,0
9043,0.99,0.54,3,188,3,0,0,0,0,0,1
9047,0.77,0.79,3,273,2,0,0,0,0,0,1
9064,0.53,0.82,3,254,3,1,0,0,0,1,0
9068,0.78,0.72,3,223,4,0,0,0,0,1,0
9069,0.39,0.75,5,286,5,0,0,0,0,1,0
9080,0.73,0.46,4,240,4,1,0,0,0,0,1
9091,0.14,0.73,5,273,4,1,0,0,0,1,0
9099,0.69,0.75,3,204,3,0,0,0,0,1,0
9101,0.64,0.94,3,221,2,0,0,0,0,1,0
9113,0.82,0.57,2,158,3,1,0,0,0,0,1
9123,0.62,0.49,4,174,3,0,0,0,0,0,1
9154,0.68,0.83,5,267,3,0,0,0,0,0,1
9157,0.3,0.54,2,99,2,0,0,0,0,0,1
9161,0.34,0.46,6,132,2,0,0,0,0,0,1
9177,0.75,0.56,3,207,3,0,0,0,0,1,0
9215,0.57,0.58,3,192,3,0,0,0,0,0,1
9221,0.92,0.82,4,96,4,0,0,0,0,0,1
9228,0.91,0.49,3,267,3,0,0,0,0,0,1
9238,0.61,1.0,5,243,2,0,0,0,0,0,1
9249,0.98,0.89,3,186,2,0,0,0,0,1,0
9270,0.7,0.5,3,251,2,0,0,0,0,0,1
9273,0.5,0.64,3,249,2,1,0,0,0,1,0
9275,0.94,0.51,5,142,2,0,0,0,0,1,0
9277,0.64,0.81,3,225,3,1,0,0,0,1,0
9291,0.57,0.65,4,265,3,0,0,0,0,1,0
9294,0.35,0.47,4,151,6,0,0,0,0,0,1
9317,0.79,0.98,4,185,2,0,0,0,0,0,1
9319,0.89,0.96,5,260,3,0,0,0,0,1,0
9327,0.95,0.77,4,213,3,1,0,0,0,1,0
9338,0.71,0.89,3,222,3,0,0,0,0,1,0
9343,0.99,0.92,5,213,2,0,0,0,1,0,0
9349,0.66,0.72,4,137,3,0,0,0,0,1,0
9358,0.75,0.49,4,246,3,0,0,0,0,1,0
9372,0.22,0.74,5,178,5,0,0,0,0,1,0
9375,0.61,0.5,3,231,3,0,0,0,1,0,0
9379,0.18,0.85,5,192,3,0,0,0,1,0,0
9400,0.61,0.58,4,142,4,0,0,0,0,0,1
9402,0.88,0.66,4,275,3,0,0,0,0,0,1
9405,0.51,0.7,4,142,4,1,0,0,0,1,0
9419,0.8,0.81,5,200,3,0,0,0,0,1,0
9423,0.8,0.51,3,159,3,0,0,0,0,1,0
9425,0.57,0.99,3,100,4,1,0,0,0,1,0
9433,0.49,0.77,3,147,3,0,0,0,0,1,0
9439,0.54,0.71,2,194,2,0,0,0,0,1,0
9486,0.96,0.66,3,155,2,0,0,0,0,1,0
9495,0.6,0.98,4,205,4,0,0,0,0,0,1
9509,0.77,0.91,5,274,3,0,0,0,0,1,0
9512,0.47,0.57,3,97,4,0,0,0,0,1,0
9517,0.95,0.87,3,201,3,0,0,0,0,1,0
9521,0.8,0.85,5,253,3,1,0,0,0,1,0
9523,0.83,0.8,5,223,3,0,0,0,0,1,0
9525,0.87,0.71,5,244,2,0,0,0,0,1,0
9530,0.55,0.55,4,257,3,0,0,0,0,1,0
9535,0.9,0.68,3,135,3,0,0,0,0,1,0
9543,0.78,0.61,5,260,2,0,0,0,0,0,1
9553,0.5,0.65,4,266,3,1,0,0,0,0,1
9556,0.97,0.88,4,237,4,0,0,0,0,1,0
9567,0.96,0.92,3,182,4,0,0,0,0,1,0
9578,0.55,0.95,4,249,4,0,0,0,0,0,1
9588,0.82,0.74,3,256,3,1,0,0,0,0,1
9598,0.79,0.72,5,245,3,1,0,0,0,1,0
9605,0.55,0.87,3,241,4,0,0,0,0,1,0
9606,0.87,0.63,3,143,3,1,0,0,0,1,0
9612,0.97,0.74,3,134,3,1,0,0,1,0,0
9618,0.72,0.57,3,203,2,1,0,0,0,0,1
9650,0.58,0.79,4,196,3,1,0,0,0,1,0
9667,0.81,0.98,3,141,3,0,0,0,0,0,1
9674,0.87,0.57,3,149,3,0,0,0,0,1,0
9678,0.78,0.86,3,210,3,0,0,0,0,0,1
9685,0.56,0.47,5,185,4,0,0,0,0,0,1
9692,0.79,0.93,5,169,3,0,0,0,0,0,1
9699,0.75,0.92,3,160,3,1,0,0,0,0,1
9717,0.73,0.89,5,223,3,0,0,0,0,1,0
9737,0.85,0.48,2,208,4,0,0,0,0,0,1
9749,0.59,0.49,4,149,4,0,0,0,0,1,0
9769,1.0,0.67,5,241,4,0,0,0,0,0,1
9797,0.69,0.77,3,232,2,0,0,0,0,1,0
9804,0.71,0.95,4,249,3,0,0,0,0,1,0
9805,0.63,0.82,5,268,3,0,0,0,1,0,0
9807,0.5,0.8,6,201,5,0,0,0,0,0,1
9808,0.56,0.89,3,163,3,1,0,0,1,0,0
9812,0.33,0.59,3,243,2,0,0,0,0,0,1
9819,0.98,0.68,4,253,3,0,0,0,1,0,0
9822,0.92,0.66,4,133,3,0,0,0,0,0,1
9824,0.47,0.49,2,112,3,1,0,0,0,0,1
9831,0.64,0.81,3,209,3,0,0,0,0,1,0
9839,0.37,0.41,6,101,3,0,0,0,0,1,0
9850,0.48,0.92,3,234,3,0,0,0,0,0,1
9882,0.9,0.53,3,167,3,0,0,0,0,1,0
9884,0.91,0.83,4,235,3,0,0,0,0,1,0
9885,0.65,0.63,4,199,2,0,0,0,0,0,1
9892,0.5,0.91,4,148,2,0,0,0,0,0,1
9893,0.85,0.65,4,162,2,0,0,0,0,0,1
9898,0.81,0.68,4,179,3,0,0,0,0,1,0
9900,0.63,0.66,3,177,2,1,0,0,0,0,1
9910,0.96,0.88,2,193,2,0,0,0,0,1,0
9914,0.7,0.76,3,173,2,0,0,0,0,1,0
9943,0.98,0.9,3,186,4,0,0,0,0,1,0
9959,0.43,0.92,5,151,4,0,0,0,0,1,0
9964,0.61,0.74,5,185,2,1,0,0,0,0,1
9965,0.57,0.7,3,248,2,0,0,0,0,0,1
9968,0.58,0.62,3,182,3,0,0,0,0,0,1
9969,0.63,0.59,3,189,3,0,0,0,0,0,1
9990,0.74,0.8,4,200,4,0,0,0,0,1,0
9995,0.93,0.79,5,241,4,0,0,0,1,0,0
9997,0.64,0.53,3,216,3,0,0,0,1,0,0
9998,0.62,0.64,4,185,2,0,0,0,0,0,1
10001,0.27,0.61,3,213,6,0,0,0,0,1,0
10017,0.89,0.84,6,196,4,0,0,0,0,0,1
10034,0.92,0.65,4,260,2,0,0,0,0,1,0
10048,0.5,0.74,4,237,2,1,0,0,0,0,1
10049,0.25,0.8,5,237,6,0,0,0,0,0,1
10068,0.87,0.66,3,270,2,0,0,0,0,1,0
10078,0.8,0.77,4,224,2,0,0,0,0,0,1
10079,0.64,0.86,4,143,2,0,0,0,0,0,1
10096,0.29,0.4,4,138,4,0,0,0,0,1,0
10104,0.73,0.55,3,206,4,0,0,0,0,1,0
10105,0.48,0.99,5,180,2,0,0,0,0,1,0
10126,0.93,0.71,4,272,2,0,0,0,0,0,1
10138,0.91,0.88,5,123,5,0,0,0,0,1,0
10147,0.55,0.55,5,256,3,0,0,0,0,0,1
10161,0.86,0.9,3,158,2,0,0,0,0,0,1
10162,0.67,0.76,2,210,2,0,0,0,0,0,1
10165,0.57,0.89,3,202,2,0,0,0,0,0,1
10168,0.89,0.66,4,176,3,0,0,0,1,0,0
10175,0.31,0.75,3,120,4,0,0,0,1,0,0
10178,0.52,0.61,3,203,3,0,0,0,1,0,0
10183,0.83,0.91,3,196,4,0,0,0,0,1,0
10186,0.75,0.89,5,154,4,0,0,0,0,1,0
10200,0.57,0.97,5,196,2,0,0,0,0,0,1
10217,0.54,0.59,4,202,3,0,0,0,0,1,0
10227,0.59,0.37,3,125,2,0,0,0,0,0,1
10259,0.79,0.98,4,170,3,0,0,0,0,1,0
10265,0.44,0.52,3,269,4,0,0,0,0,1,0
10271,0.79,0.57,4,152,3,0,0,0,0,1,0
10277,0.87,0.84,5,216,3,1,0,0,0,0,1
10283,0.48,0.98,3,257,2,0,0,0,0,0,1
10288,0.88,0.59,4,227,3,0,0,0,0,0,1
10314,0.41,0.48,3,135,3,0,0,0,1,0,0
10336,0.85,0.69,5,273,3,1,0,0,0,1,0
10337,0.9,0.66,3,256,4,0,0,0,0,1,0
10343,0.75,0.61,4,272,2,0,0,0,0,1,0
10360,0.12,0.7,5,277,3,0,0,0,0,0,1
10376,0.63,0.66,3,256,4,1,0,0,0,1,0
10393,0.83,0.77,3,260,2,0,0,0,0,0,1
10398,0.96,0.74,5,194,4,1,0,0,0,0,1
10405,0.22,0.69,3,212,3,0,0,0,0,0,1
10421,0.61,0.84,3,206,2,0,0,0,0,1,0
10443,0.75,0.71,5,147,4,1,0,0,0,0,1
10448,0.94,0.89,4,192,2,0,0,0,0,1,0
10453,0.96,0.89,3,163,2,0,0,0,0,1,0
10466,0.78,0.6,3,232,2,0,0,0,0,1,0
10473,0.64,0.72,4,152,3,1,0,0,0,0,1
10484,0.71,0.87,3,271,2,0,0,0,0,0,1
10501,0.32,0.4,2,132,3,0,0,0,0,1,0
10510,0.37,0.52,4,151,2,0,0,0,0,0,1
10541,0.18,0.73,6,231,4,0,0,0,0,1,0
10542,0.33,1.0,2,210,3,1,0,0,0,0,1
10547,0.18,0.48,4,240,4,0,0,0,0,0,1
10553,0.97,0.7,3,253,3,0,0,0,0,0,1
10556,0.9,0.76,4,252,4,0,0,0,0,0,1
10579,0.52,0.79,4,234,3,0,0,0,0,1,0
10584,0.61,0.98,2,238,4,0,0,0,0,0,1
10615,0.54,0.93,4,184,2,1,0,0,0,0,1
10618,0.92,0.64,4,259,2,0,0,0,0,0,1
10624,0.51,0.87,2,130,4,0,0,0,0,0,1
10625,0.54,0.74,2,166,3,0,0,0,0,0,1
10629,0.38,0.5,3,196,3,0,0,0,0,0,1
10643,0.91,0.78,3,269,3,1,0,0,1,0,0
10649,0.62,0.64,4,163,3,0,0,0,0,1,0
10668,0.65,0.88,4,173,3,0,0,0,0,0,1
10691,1.0,0.93,5,231,2,0,0,0,0,0,1
10700,0.52,0.96,4,171,2,0,0,0,0,0,1
10706,0.93,0.59,3,273,2,1,0,0,0,0,1
10707,0.96,0.55,3,225,4,1,0,0,0,0,1
10708,0.56,0.41,5,152,3,0,0,0,0,0,1
10717,0.71,0.59,4,143,2,0,0,0,0,0,1
10725,0.52,0.55,3,225,2,0,0,0,0,1,0
10734,0.67,0.49,3,185,3,0,0,0,0,1,0
10756,0.31,0.51,2,146,3,0,0,0,0,1,0
10768,0.83,0.95,3,264,2,0,0,0,0,1,0
10783,0.78,0.6,4,206,3,0,0,0,0,0,1
10786,0.94,0.88,4,262,2,0,0,0,0,0,1
10794,0.66,0.8,4,192,3,0,0,0,0,0,1
10803,0.5,0.75,3,204,2,0,0,0,1,0,0
10838,0.73,0.98,5,272,2,0,0,0,0,1,0
10850,0.97,0.89,4,248,2,0,0,0,0,1,0
10859,0.73,0.69,3,228,2,0,1,0,0,0,1
10882,0.94,0.59,4,241,2,0,0,0,0,1,0
10933,0.58,0.97,3,274,4,1,1,0,0,0,1
10943,0.91,0.74,3,150,2,0,0,0,0,0,1
10986,0.89,0.71,4,190,3,0,0,0,0,1,0
10996,0.63,0.57,3,242,3,0,0,0,0,1,0
11003,0.83,0.52,5,217,3,0,0,0,0,1,0
11010,0.62,0.91,3,269,8,0,0,0,0,0,1
11044,0.93,0.99,3,169,3,0,0,0,0,1,0
11082,0.74,0.73,3,156,8,0,0,0,0,0,1
11086,0.9,0.49,3,259,6,0,0,0,0,0,1
11087,0.55,0.86,4,169,6,0,0,0,0,0,1
11089,0.72,0.98,4,156,3,0,0,0,0,0,1
11091,0.86,0.82,4,212,2,0,0,0,0,0,1
11104,0.85,0.87,6,232,5,0,0,0,1,0,0
11108,0.95,0.8,3,225,2,0,0,0,1,0,0
11118,0.49,1.0,2,125,4,1,0,0,0,1,0
11122,1.0,0.77,5,269,3,0,0,0,0,1,0
11132,0.43,0.74,4,129,6,0,0,0,0,0,1
11149,0.28,0.44,4,170,2,0,0,0,0,1,0
11156,0.8,0.74,3,228,3,0,0,0,0,0,1
11160,0.74,0.64,3,136,2,0,0,0,0,0,1
11181,0.37,0.41,2,113,3,0,1,0,0,0,1
11184,0.84,0.75,4,135,3,0,1,0,0,0,1
11185,0.57,0.46,2,100,6,1,1,0,0,0,1
11193,0.75,0.6,4,186,10,1,0,0,0,1,0
11194,0.61,0.89,3,242,10,0,0,0,1,0,0
11201,0.53,0.64,3,143,2,0,0,0,0,1,0
11215,0.52,0.84,3,261,8,0,1,0,0,1,0
11224,0.71,0.54,4,188,6,0,0,0,0,1,0
11225,0.82,0.49,5,203,6,0,0,0,0,1,0
11235,0.65,0.62,4,258,2,0,0,0,1,0,0
11236,0.92,0.85,3,207,2,0,0,0,0,1,0
11240,0.78,0.89,4,272,2,0,0,0,0,1,0
11242,0.6,0.61,5,191,2,1,0,0,1,0,0
11243,0.49,0.57,3,192,3,0,0,0,0,0,1
11246,0.69,0.56,4,149,3,0,0,0,0,0,1
11248,0.72,0.8,3,222,3,0,0,0,0,0,1
11252,0.76,0.45,4,147,2,0,0,0,0,0,1
11270,0.16,0.93,5,210,7,0,1,0,0,0,1
11278,0.66,0.53,3,164,6,0,0,0,0,1,0
11279,0.22,0.91,6,222,8,0,0,0,0,1,0
11282,0.61,0.42,2,103,8,0,0,0,0,0,1
11284,0.9,0.51,4,137,6,0,0,0,0,0,1
11289,0.98,0.55,3,166,6,1,0,0,0,0,1
11314,0.66,0.59,4,179,3,0,0,0,0,1,0
11352,0.51,0.73,4,229,3,0,0,0,0,1,0
11360,0.62,0.75,5,165,4,0,0,0,0,0,1
11367,0.85,0.49,4,139,2,0,0,0,0,0,1
11375,1.0,0.93,5,167,3,0,0,0,0,0,1
11402,0.67,0.69,3,231,3,0,1,0,0,0,1
11412,0.5,1.0,4,258,3,0,0,0,0,0,1
11416,0.5,0.51,5,134,3,0,0,0,0,1,0
11419,0.64,0.66,5,157,2,0,0,0,0,1,0
11437,0.89,0.63,4,270,3,1,0,0,0,0,1
11450,0.74,0.63,3,180,3,0,0,0,1,0,0
11453,0.74,0.71,3,206,3,0,0,0,1,0,0
11471,0.84,0.66,3,209,2,0,0,0,0,1,0
11508,0.55,0.52,4,168,8,0,0,0,0,1,0
11523,0.45,0.42,4,156,7,0,0,0,1,0,0
11525,0.83,0.67,3,175,3,0,0,0,0,0,1
11527,0.25,0.89,4,154,10,0,0,0,1,0,0
11530,0.6,0.65,2,225,10,0,0,0,1,0,0
11531,0.67,0.72,2,134,10,0,0,0,1,0,0
11539,0.74,0.49,4,233,3,0,0,0,0,0,1
11555,0.98,0.44,4,154,6,1,0,0,0,0,1
11556,0.56,0.79,5,248,3,0,0,0,0,0,1
11568,0.57,0.69,3,212,8,0,0,0,0,1,0
11582,0.58,0.91,3,195,10,0,0,0,0,1,0
11587,0.18,0.49,3,240,2,1,0,0,0,1,0
11598,0.76,0.72,3,263,3,0,0,0,0,0,1
11615,0.87,0.89,4,225,8,0,0,0,0,1,0
11621,0.91,0.63,5,240,7,0,0,0,0,0,1
11642,0.69,0.65,3,153,2,0,0,0,0,0,1
11644,0.9,0.85,3,158,7,0,0,0,0,0,1
11659,0.15,0.81,5,280,3,1,0,0,1,0,0
11660,0.52,0.69,5,208,8,1,0,0,0,1,0
11667,0.62,0.82,3,204,10,0,0,0,0,0,1
11680,0.59,0.69,3,200,3,0,0,0,0,1,0
11681,0.93,0.98,4,189,10,0,0,0,0,0,1
11685,0.41,0.38,4,142,10,1,0,0,0,1,0
11720,0.31,0.63,3,150,3,1,0,0,0,0,1
11740,0.92,0.63,5,224,8,1,0,0,0,1,0
11765,0.92,0.64,4,190,10,1,0,0,0,1,0
11769,0.73,0.72,4,233,2,0,0,0,0,1,0
11778,0.48,0.8,4,196,5,0,0,0,0,1,0
11783,0.66,0.79,5,134,3,0,0,0,1,0,0
11801,0.9,0.56,3,151,3,0,0,0,0,0,1
11815,0.88,0.81,4,179,3,0,0,0,1,0,0
11822,0.57,0.99,3,222,3,1,1,0,0,1,0
11827,0.53,0.68,4,173,3,0,0,0,0,0,1
11832,0.71,0.66,5,187,2,0,0,0,0,0,1
11852,0.53,0.51,4,240,2,0,0,0,0,1,0
11877,0.33,0.41,2,198,4,0,0,0,0,0,1
11901,0.24,0.88,5,199,5,1,0,0,0,0,1
11909,0.85,0.58,4,186,7,0,0,0,0,0,1
11914,0.74,0.7,4,273,3,0,0,0,0,0,1
11922,0.92,0.44,3,260,8,0,0,0,0,1,0
11932,0.82,0.84,3,194,3,0,0,0,0,1,0
11940,0.53,0.74,3,172,10,0,1,0,1,0,0
11941,0.58,1.0,4,220,10,0,0,0,0,0,1
11944,0.99,0.68,5,264,10,1,0,0,0,0,1
11960,0.82,0.67,3,198,3,1,0,0,0,1,0
11995,0.9,0.55,3,259,10,1,1,0,1,0,0
11999,0.5,0.73,4,180,3,0,0,0,0,1,0
12003,0.72,0.87,5,223,5,0,0,1,0,1,0
12011,0.11,0.81,6,305,4,0,0,1,0,1,0
12012,0.84,0.92,4,234,5,0,0,1,0,1,0
12019,0.76,0.89,5,262,5,0,0,1,0,1,0
12025,0.89,0.92,5,242,5,0,0,1,0,1,0
12037,0.45,0.5,2,126,3,0,0,1,0,1,0
12062,0.1,0.95,6,244,5,0,0,1,0,0,1
12068,0.76,0.86,5,223,5,1,0,1,0,0,1
12079,0.39,0.56,2,142,3,0,0,1,0,1,0
12095,0.37,0.51,2,155,3,0,0,1,0,1,0
12097,0.1,0.84,6,279,4,0,0,1,0,1,0
12124,0.46,0.49,2,138,3,0,0,1,0,1,0
12125,0.11,0.92,6,260,4,0,0,1,0,1,0
12128,0.09,0.82,6,250,4,0,0,1,0,1,0
12143,0.37,0.47,2,152,3,0,0,1,0,1,0
12147,0.11,0.87,6,306,4,0,0,1,0,1,0
12160,0.1,0.95,7,301,4,0,0,1,0,1,0
12164,0.9,0.99,5,260,5,0,0,1,0,1,0
12168,0.32,0.5,2,135,5,0,0,1,0,1,0
12169,0.45,0.57,2,158,3,0,0,1,0,1,0
12192,0.74,0.91,4,232,5,0,0,1,0,0,1
12194,0.89,0.95,4,275,5,0,0,1,0,0,1
12198,0.1,0.89,7,285,4,0,0,1,0,1,0
12207,0.78,0.87,4,228,5,0,0,1,0,1,0
12243,0.4,0.5,2,128,3,0,0,1,0,1,0
12262,0.44,0.56,2,131,3,0,0,1,0,0,1
12275,0.81,0.95,5,238,6,0,0,1,0,1,0
12278,0.09,0.78,6,254,4,0,0,1,0,1,0
12293,0.11,0.91,6,308,4,1,0,1,0,1,0
12298,0.45,0.48,2,136,3,0,0,1,0,0,1
12304,0.89,0.87,5,255,5,0,0,1,0,0,1
12306,0.37,0.46,2,149,3,0,0,1,1,0,0
12307,0.11,0.81,5,287,4,0,0,1,0,1,0
12334,0.1,0.81,6,290,4,0,0,1,0,0,1
12349,0.4,0.46,2,149,3,0,0,1,0,0,1
12354,0.33,0.88,6,219,5,0,0,1,0,1,0
12359,0.09,0.91,6,275,4,0,0,1,0,1,0
12361,0.76,0.9,4,263,5,0,0,1,0,1,0
12365,0.91,0.87,4,235,5,0,0,1,0,1,0
12371,0.36,0.51,2,135,3,0,0,1,0,1,0
12407,0.09,0.94,6,257,4,0,0,1,0,1,0
12411,0.84,0.99,4,262,6,0,0,1,0,0,1
12415,0.42,0.48,2,155,3,0,0,1,0,0,1
12416,0.82,1.0,4,229,6,0,0,1,0,0,1
12442,0.77,1.0,5,229,5,0,0,1,0,1,0
12481,0.1,0.79,6,274,4,0,0,1,0,1,0
12496,0.1,0.82,6,244,4,0,0,1,0,0,1
12517,0.09,0.86,7,309,4,0,0,1,0,1,0
12521,0.74,0.99,4,233,5,0,0,1,0,1,0
12534,0.75,0.85,5,240,6,1,0,1,0,0,1
12546,0.37,0.47,2,149,3,0,0,1,0,1,0
12567,0.1,0.97,6,282,4,0,0,1,0,0,1
12570,0.44,0.52,2,137,3,0,0,1,0,0,1
12576,0.48,0.78,2,198,2,0,0,1,0,0,1
12579,0.39,0.55,2,159,3,0,0,1,1,0,0
12589,0.39,0.54,2,155,3,0,0,1,0,1,0
12606,0.38,0.56,2,161,3,0,0,1,0,0,1
12608,0.45,0.49,2,134,3,0,0,1,0,0,1
12617,0.83,0.95,4,251,5,0,0,1,0,0,1
12624,0.38,0.5,2,140,3,0,0,1,0,1,0
12627,0.41,0.46,2,156,3,1,0,1,0,1,0
12633,0.38,0.56,2,154,3,0,0,1,0,1,0
12637,0.43,0.52,2,147,3,0,0,1,0,1,0
12648,0.45,0.54,2,129,3,0,0,1,0,0,1
12654,0.1,0.89,7,308,4,0,0,1,0,0,1
12656,0.79,0.86,5,235,5,0,0,1,0,0,1
12680,0.1,0.83,6,269,4,0,0,1,0,1,0
12710,0.64,0.9,6,252,2,0,0,1,0,1,0
12716,0.43,0.47,2,131,3,0,0,1,0,1,0
12740,0.1,0.89,7,291,4,0,0,1,0,0,1
12807,0.2,0.97,4,237,5,0,0,0,0,0,1
12819,0.96,0.51,4,225,3,0,0,0,0,0,1
12861,0.59,0.69,3,162,3,0,0,0,0,1,0
12865,0.53,0.96,4,272,2,0,0,0,0,1,0
12874,0.54,0.76,4,244,2,0,0,0,0,0,1
12889,0.16,0.83,5,173,4,0,0,0,1,0,0
12892,0.82,0.49,4,180,2,0,0,0,0,1,0
12901,0.9,0.88,5,254,2,0,0,0,0,0,1
12913,0.59,0.96,5,211,3,0,0,0,0,0,1
12945,0.67,0.49,3,185,3,0,0,0,0,1,0
12957,0.87,0.64,5,234,2,1,0,0,0,0,1
12962,0.84,0.96,6,155,5,0,0,0,0,0,1
12973,0.84,0.93,3,159,3,0,0,0,0,1,0
12985,0.76,0.64,4,234,2,0,0,0,1,0,0
13005,0.66,0.8,4,192,3,0,0,0,0,0,1
13009,0.6,0.66,4,132,4,0,0,0,0,0,1
13020,0.51,0.74,6,98,3,0,0,0,0,1,0
13029,0.63,0.49,4,151,3,0,0,0,0,0,1
13035,0.77,0.5,3,141,3,0,0,0,0,0,1
13039,0.62,0.7,2,134,3,0,0,0,0,1,0
13057,0.48,0.51,3,136,3,0,0,0,0,1,0
13082,0.58,0.48,3,135,3,1,0,0,0,0,1
13085,0.91,0.94,5,159,3,0,0,0,0,1,0
13109,0.88,0.85,3,220,3,0,0,0,0,0,1
13118,0.18,0.9,4,282,4,0,0,0,0,0,1
13122,0.81,0.62,4,153,4,0,0,0,0,1,0
13127,0.79,0.79,4,231,2,0,0,0,0,1,0
13131,0.79,0.59,4,187,2,0,0,0,0,1,0
13133,0.18,0.81,4,147,4,0,0,0,0,1,0
13134,0.56,0.81,4,188,3,1,0,0,0,1,0
13135,0.92,0.67,2,252,2,0,0,0,0,1,0
13144,0.58,0.97,3,274,4,1,1,0,0,0,1
13146,0.8,0.94,4,271,4,0,1,0,0,0,1
13147,0.78,0.6,4,143,2,0,1,0,0,0,1
13160,0.49,0.67,3,140,2,0,0,0,0,0,1
13171,0.83,0.49,4,218,2,0,0,0,0,1,0
13179,0.63,0.91,4,252,3,1,0,0,0,0,1
13187,0.69,0.52,3,186,3,0,0,0,0,0,1
13188,0.16,0.61,4,171,6,0,0,0,0,0,1
13190,0.97,0.63,5,258,2,0,0,0,0,0,1
13202,0.73,0.68,3,121,5,0,0,0,0,1,0
13213,0.13,0.5,3,137,5,0,0,0,0,1,0
13230,0.78,0.96,2,285,3,0,0,0,1,0,0
13240,0.52,0.59,5,150,2,0,0,0,0,1,0
13241,0.73,0.61,4,260,2,1,0,0,0,1,0
13253,0.97,0.89,4,208,2,1,0,0,0,1,0
13263,0.54,0.53,4,158,2,0,0,0,0,0,1
13272,0.9,0.73,2,203,4,0,0,0,0,0,1
13288,0.97,0.57,4,150,2,0,0,0,0,0,1
13303,0.61,0.5,4,269,3,0,0,0,0,0,1
13309,0.69,0.83,4,252,3,0,0,0,0,0,1
13318,0.87,0.6,5,165,2,1,0,0,1,0,0
13320,0.84,0.63,3,121,3,1,0,0,0,1,0
13324,0.75,0.51,2,215,2,1,0,0,0,1,0
13343,0.43,0.74,4,129,6,0,0,0,0,0,1
13349,0.75,0.93,3,247,2,0,0,0,1,0,0
13351,0.55,0.68,3,178,3,1,0,0,1,0,0
13364,0.37,0.69,2,146,3,0,0,0,0,0,1
13366,0.7,0.88,4,180,2,0,0,0,0,0,1
13368,0.52,0.63,3,204,3,0,0,0,0,0,1
13371,0.74,0.64,3,136,2,0,0,0,0,0,1
13395,0.84,0.75,4,135,3,0,1,0,0,0,1
13405,0.61,0.89,3,242,10,0,0,0,1,0,0
13415,0.94,0.51,3,242,3,0,0,0,0,0,1
13433,0.97,0.84,4,177,6,0,0,0,0,1,0
13439,0.71,0.64,3,267,3,0,0,0,0,1,0
13449,0.39,0.89,3,188,5,0,0,0,0,1,0
13461,0.5,0.77,3,265,3,0,0,0,0,0,1
13465,0.24,0.94,6,144,4,0,0,0,0,1,0
13468,0.76,0.57,5,255,4,0,0,0,0,0,1
13472,0.81,0.85,4,134,10,1,0,0,0,0,1
13477,0.57,0.67,5,235,2,0,0,0,0,1,0
13481,0.16,0.93,5,210,7,0,1,0,0,0,1
13483,0.66,0.57,4,161,7,0,1,0,0,0,1
13499,0.69,0.76,3,174,6,0,0,0,0,0,1
13512,0.76,0.99,3,133,4,0,0,0,0,1,0
13514,0.5,0.95,3,198,4,0,0,0,0,1,0
13518,0.72,0.62,3,243,2,1,0,0,0,1,0
13525,0.66,0.59,4,179,3,0,0,0,0,1,0
13559,0.14,0.76,4,142,10,0,0,0,1,0,0
13573,0.43,0.65,4,124,2,0,0,0,0,0,1
13575,0.91,0.77,3,144,3,0,0,0,0,0,1
13607,0.63,0.48,4,180,4,0,0,0,1,0,0
13613,0.67,0.69,3,231,3,0,1,0,0,0,1
13643,0.91,0.82,4,238,2,0,0,0,0,1,0
13663,0.82,0.51,2,268,2,0,0,0,1,0,0
13682,0.84,0.66,3,209,2,0,0,0,0,1,0
13693,0.87,0.97,5,151,3,0,0,0,0,0,1
13705,0.49,0.49,3,168,7,0,0,0,0,1,0
13725,0.39,0.52,2,102,8,0,0,0,0,0,1
13726,0.93,0.87,4,139,8,0,0,0,0,0,1
13731,0.77,0.64,3,190,10,1,0,0,0,0,1
13735,0.81,0.47,4,153,7,0,0,0,0,1,0
13750,0.74,0.49,4,233,3,0,0,0,0,0,1
13754,0.96,0.48,4,198,7,0,0,0,0,0,1
13755,0.87,0.82,4,198,7,0,0,0,0,0,1
13761,0.63,0.6,4,258,3,0,0,0,0,0,1
13765,0.66,0.51,4,254,2,0,0,0,0,0,1
13798,0.18,0.49,3,240,2,1,0,0,0,1,0
13800,0.78,0.8,3,135,7,0,0,0,0,0,1
13812,0.53,0.66,3,191,3,0,0,0,1,0,0
13817,0.56,0.39,3,106,8,0,0,0,1,0,0
13839,0.57,0.75,4,249,10,0,0,0,0,0,1
13872,0.44,0.66,6,134,8,0,0,0,1,0,0
13882,0.71,0.93,5,140,8,0,0,0,0,0,1
13892,0.93,0.98,4,189,10,0,0,0,0,0,1
13901,0.83,0.48,4,220,3,1,0,0,0,1,0
13903,0.66,0.89,4,173,4,0,0,0,0,1,0
13921,0.76,0.98,2,235,3,0,0,0,1,0,0
13933,0.16,0.95,6,117,7,0,0,0,0,0,1
13946,0.89,0.77,5,232,3,0,0,0,0,1,0
13959,0.99,0.6,4,209,8,1,0,0,0,0,1
13962,0.99,0.92,4,265,4,1,0,0,0,0,1
13965,0.61,0.79,5,230,10,0,0,0,1,0,0
13972,0.88,0.83,4,273,10,0,0,0,0,0,1
13974,0.59,0.92,3,138,10,0,0,0,0,1,0
13982,0.65,0.4,5,125,4,0,0,0,0,1,0
14021,0.73,0.9,5,184,3,0,0,0,0,1,0
14034,0.68,0.54,4,146,4,0,1,0,0,0,1
14042,0.81,0.81,4,212,2,1,0,0,0,0,1
14044,0.7,0.83,5,241,2,0,0,0,0,0,1
14049,0.43,0.88,2,149,4,0,0,0,0,0,1
14050,0.49,0.62,4,161,2,0,0,0,0,0,1
14051,0.5,0.9,5,226,2,0,0,0,1,0,0
14067,0.81,0.92,4,268,3,0,0,0,0,1,0
14075,0.77,0.55,3,217,3,0,0,0,0,0,1
14079,0.84,0.44,5,131,5,1,0,0,0,0,1
14091,0.92,0.6,3,179,2,0,0,0,0,1,0
14097,0.86,0.62,4,186,3,0,0,0,0,1,0
14104,0.74,0.79,5,121,5,0,1,0,1,0,0
14105,0.82,0.76,4,266,3,0,1,0,1,0,0
14108,0.73,0.97,3,174,3,0,0,0,0,1,0
14109,0.89,0.55,4,159,2,0,0,0,0,0,1
14126,0.94,0.99,2,157,3,0,0,0,0,0,1
14146,0.5,0.86,3,180,7,0,1,0,1,0,0
14148,0.82,0.74,3,229,7,0,1,0,1,0,0
14185,0.82,0.58,5,263,8,0,0,0,0,0,1
14186,0.59,0.77,3,272,8,0,0,0,1,0,0
14190,0.52,0.55,5,174,3,1,0,0,0,0,1
14196,0.72,0.64,4,192,3,0,0,0,0,0,1
14206,0.9,0.55,3,259,10,1,1,0,1,0,0
14220,0.42,0.53,2,142,3,0,0,1,0,1,0
14221,0.45,0.54,2,135,3,0,0,1,0,1,0
14225,0.36,0.56,2,137,3,0,0,1,0,1,0
14231,0.11,0.83,6,282,4,0,0,1,0,1,0
14238,0.4,0.49,2,135,3,0,0,1,0,1,0
14263,0.38,0.55,2,134,3,0,0,1,0,1,0
14273,0.1,0.95,6,244,5,0,0,1,0,0,1
14276,0.81,0.7,6,161,4,0,0,1,0,0,1
14278,0.9,0.98,4,264,6,0,0,1,0,0,1
14282,0.09,0.77,5,275,4,0,0,1,0,0,1
14283,0.45,0.49,2,149,3,0,0,1,1,0,0
14284,0.09,0.87,7,295,4,0,0,1,0,1,0
14285,0.11,0.97,6,277,4,0,0,1,0,0,1
14313,0.42,0.46,2,150,3,0,0,1,0,0,1
14316,0.24,0.46,7,224,5,0,0,1,0,0,1
14332,0.4,0.46,2,135,3,0,0,1,0,1,0
14338,0.7,0.89,3,183,5,0,0,1,0,1,0
14347,0.1,0.84,6,283,4,1,0,1,0,1,0
14350,0.73,0.87,5,257,5,0,0,1,0,1,0
14370,0.45,0.45,2,132,3,0,0,1,0,1,0
14379,0.32,0.5,2,135,5,0,0,1,0,1,0
14383,0.11,0.78,7,278,4,0,0,1,0,1,0
14391,0.4,0.47,2,146,3,0,0,1,0,0,1
14404,0.09,0.82,6,249,4,0,0,1,0,0,1
14437,0.37,0.46,2,158,3,0,0,1,0,1,0
14447,0.4,0.53,2,151,3,0,0,1,0,1,0
14452,0.37,0.46,2,156,3,0,0,1,0,1,0
14459,0.87,0.91,4,228,5,0,0,1,0,1,0
14467,0.11,0.81,6,266,4,1,0,1,0,0,1
14473,0.44,0.56,2,131,3,0,0,1,0,0,1
14477,0.11,0.95,6,286,4,0,0,1,0,0,1
14478,0.45,0.53,2,129,3,0,0,1,1,0,0
14484,0.09,0.96,6,296,4,0,0,1,0,1,0
14495,0.38,0.47,2,144,3,0,0,1,0,1,0
14523,0.4,0.54,2,139,3,0,0,1,0,1,0
14527,0.43,0.47,2,135,3,0,0,1,0,1,0
14528,0.37,0.46,2,153,3,0,0,1,0,1,0
14580,0.1,0.82,6,266,4,0,0,1,0,1,0
14608,0.09,0.79,6,293,5,0,0,1,0,1,0
14609,0.87,0.83,4,265,6,0,0,1,0,1,0
14612,0.76,0.92,4,246,5,0,0,1,0,1,0
14633,0.86,1.0,5,257,5,0,0,1,0,0,1
14638,0.55,0.6,3,180,4,0,0,1,0,0,1
14643,0.44,0.51,2,150,3,0,0,1,0,1,0
14645,0.1,0.84,6,309,4,0,0,1,0,1,0
14654,0.81,0.98,5,245,5,0,0,1,0,1,0
14656,0.09,0.94,6,283,5,0,0,1,0,1,0
14665,0.09,0.97,7,254,4,1,0,1,0,0,1
14670,0.4,0.48,2,137,3,0,0,1,0,0,1
14679,0.9,0.92,5,245,5,0,0,1,0,1,0
14688,0.09,0.79,6,275,4,0,0,1,0,1,0
14703,0.11,0.83,6,244,4,0,0,1,0,0,1
14723,0.09,0.96,6,259,4,0,0,1,0,1,0
14764,0.79,1.0,5,257,6,0,0,1,0,1,0
14767,0.46,0.48,2,141,3,1,0,1,0,1,0
14772,0.37,0.53,2,131,3,0,0,1,0,1,0
14774,0.1,0.77,7,291,4,0,0,1,0,1,0
14812,0.84,0.94,5,222,6,0,0,1,0,1,0
14821,0.09,0.95,7,256,4,0,0,1,0,0,1
14823,0.37,0.47,2,138,3,1,0,1,0,0,1
14825,0.09,0.9,7,296,4,0,0,1,0,0,1
14827,0.39,0.49,2,144,3,0,0,1,0,0,1
14828,0.83,0.95,4,251,5,0,0,1,0,0,1
14832,0.1,0.86,6,247,4,0,0,1,0,0,1
14841,0.1,0.9,7,286,4,0,0,1,0,1,0
14842,0.34,0.67,4,141,2,0,0,1,0,1,0
14867,0.79,0.86,5,235,5,0,0,1,0,0,1
14871,0.44,0.5,2,130,3,0,0,1,0,0,1
14875,0.36,0.49,2,147,3,0,0,1,0,1,0
14896,0.75,1.0,5,223,6,0,0,1,0,0,1
14914,0.4,0.49,2,144,3,0,0,1,0,1,0
14921,0.1,0.86,6,283,4,0,0,1,0,1,0
14922,0.11,0.86,6,286,4,0,0,1,0,1,0
14951,0.39,0.54,2,154,3,0,0,1,0,1,0
14961,0.73,0.97,6,189,2,0,0,1,0,1,0
14963,0.09,0.95,6,271,4,0,0,1,0,1,0
14979,0.09,0.93,6,296,4,0,0,1,0,0,1
14982,0.38,0.49,2,137,3,0,0,1,0,0,1
14993,0.76,0.83,6,293,6,0,0,1,0,1,0
14996,0.37,0.53,2,143,3,0,0,1,0,1,0
