0.41,0.5,2,153,3,0,0,0,1,0,1
0.1,0.77,6,247,4,0,0,0,1,0,1
0.45,0.47,2,160,3,0,0,0,1,0,1
0.38,0.55,2,147,3,0,0,0,1,0,1
0.09,0.62,6,294,4,0,0,0,1,0,1
0.45,0.55,2,140,3,0,0,0,1,0,1
0.45,0.5,2,126,3,0,0,0,1,0,1
0.4,0.55,2,147,3,0,0,0,1,0,1
0.37,0.46,2,140,3,0,0,0,1,0,1
0.85,1,4,225,5,0,0,0,1,0,1
0.43,0.54,2,153,3,0,0,0,0,1,1
0.45,0.49,2,149,3,0,0,1,0,0,1
0.1,0.83,6,295,4,0,0,0,0,1,1
0.79,0.59,4,139,3,0,1,0,1,0,1
0.44,0.45,2,132,3,0,0,0,1,0,1
0.4,0.5,2,130,3,0,0,0,1,0,1
0.1,0.84,6,279,4,0,0,0,1,0,1
0.43,0.47,2,144,3,0,0,0,0,1,1
0.37,0.48,2,137,3,0,0,0,0,1,1
0.14,0.62,4,158,4,1,0,0,1,0,1
0.11,0.84,6,300,5,1,0,0,1,0,1
0.46,0.49,2,138,3,0,0,0,1,0,1
0.37,0.45,2,151,3,0,0,0,1,0,1
0.38,0.57,2,140,3,0,0,0,1,0,1
0.11,0.8,6,256,4,0,0,0,1,0,1
0.37,0.47,2,152,3,0,0,0,1,0,1
0.39,0.48,2,160,3,0,0,0,1,0,1
0.83,1,5,240,5,0,0,0,1,0,1
0.45,0.45,2,132,3,0,0,0,1,0,1
0.9,0.98,5,243,6,0,0,0,1,0,1
0.37,0.51,2,127,3,0,0,0,0,1,1
0.4,0.46,2,127,3,0,0,0,0,1,1
0.1,0.89,7,285,4,0,0,0,1,0,1
0.38,0.52,2,153,3,0,0,0,1,0,1
0.78,0.98,5,239,6,0,0,0,1,0,1
0.48,0.57,4,270,4,0,0,0,1,0,1
0.1,0.97,7,254,4,0,0,0,1,0,1
0.11,0.78,6,260,4,0,0,0,0,1,1
0.84,0.93,4,251,5,0,0,0,0,1,1
0.38,0.86,6,139,6,0,0,0,0,1,1
0.09,0.96,6,296,4,0,0,0,1,0,1
0.1,0.97,6,267,4,1,0,0,1,0,1
0.74,0.89,5,229,6,0,0,0,1,0,1
0.09,0.78,6,254,4,0,0,0,1,0,1
0.1,0.98,6,268,4,0,0,0,1,0,1
0.74,0.84,5,249,5,0,0,0,0,1,1
0.11,0.81,5,287,4,0,0,0,1,0,1
0.41,0.48,2,145,3,0,0,0,0,1,1
0.1,0.93,7,305,4,0,0,0,0,1,1
0.4,0.54,2,139,3,0,0,0,1,0,1
0.1,0.81,6,290,4,0,0,0,0,1,1
0.37,0.47,2,141,3,0,0,0,0,1,1
0.1,0.86,6,278,4,0,0,1,0,0,1
0.11,0.84,7,264,4,0,0,0,0,1,1
0.41,0.57,2,136,3,0,0,0,1,0,1
0.41,0.55,2,154,3,0,0,0,1,0,1
0.09,0.91,6,275,4,0,0,0,1,0,1
0.76,0.9,4,263,5,0,0,0,1,0,1
0.41,0.54,2,145,3,0,0,0,1,0,1
0.1,0.83,6,258,4,0,0,0,1,0,1
0.4,0.56,2,131,3,0,0,0,1,0,1
0.36,0.57,2,142,3,0,0,0,0,1,1
0.77,0.93,4,231,5,0,0,0,0,1,1
0.36,0.48,2,156,3,0,0,1,0,0,1
0.45,0.46,2,128,3,0,0,0,1,0,1
0.87,0.83,4,265,6,0,0,0,1,0,1
0.92,0.93,5,240,5,0,0,0,1,0,1
0.28,0.45,6,218,4,0,0,0,1,0,1
0.82,0.85,4,223,5,0,0,0,0,1,1
0.1,0.94,6,287,4,0,0,0,0,1,1
0.86,1,5,257,5,0,0,0,0,1,1
0.89,0.65,5,195,6,0,0,0,1,0,1
0.77,0.9,4,237,5,0,0,0,1,0,1
0.44,0.46,2,143,3,0,0,0,1,0,1
0.81,0.92,5,239,5,0,0,0,1,0,1
0.81,0.9,4,226,5,0,0,0,0,1,1
0.85,0.98,5,248,5,0,0,0,0,1,1
0.86,0.93,5,223,5,0,0,0,0,1,1
0.9,0.92,5,245,5,0,0,0,1,0,1
0.11,0.87,5,271,4,0,0,0,1,0,1
0.09,0.79,6,275,4,0,0,0,1,0,1
0.1,0.94,6,309,4,0,0,0,0,1,1
0.83,0.98,4,259,5,0,0,0,0,1,1
0.38,0.55,2,158,3,0,0,0,1,0,1
0.83,0.96,5,275,5,0,0,0,1,0,1
0.88,1,5,219,6,1,0,0,1,0,1
0.1,0.95,7,289,4,0,0,0,1,0,1
0.75,0.99,5,221,5,0,0,0,1,0,1
0.09,0.8,6,301,5,0,0,0,0,1,1
0.43,0.51,2,136,3,0,0,0,0,1,1
0.87,1,5,261,5,1,0,0,0,1,1
0.77,0.91,5,236,5,0,0,0,0,1,1
0.79,1,5,257,6,0,0,0,1,0,1
0.37,0.53,2,131,3,0,0,0,1,0,1
0.1,0.97,6,282,4,0,0,0,0,1,1
0.73,1,4,252,5,0,0,0,0,1,1
0.75,0.97,5,243,6,0,0,0,0,1,1
0.37,0.49,2,151,3,0,0,0,0,1,1
0.44,0.51,2,145,3,0,0,0,1,0,1
0.44,0.56,2,145,3,0,0,0,0,1,1
0.41,0.56,2,154,3,0,1,0,0,1,1
0.11,0.9,6,263,4,0,0,0,1,0,1
0.1,0.85,7,279,4,0,0,0,0,1,1
0.09,0.95,7,256,4,0,0,0,0,1,1
0.39,0.53,2,127,3,0,0,0,0,1,1
0.39,0.49,2,144,3,0,0,0,0,1,1
0.38,0.56,2,154,3,0,0,0,1,0,1
0.44,0.53,2,140,3,0,0,0,1,0,1
0.4,0.54,2,141,3,0,0,0,0,1,1
0.45,0.54,2,129,3,0,0,0,0,1,1
0.39,0.45,2,134,3,0,0,0,0,1,1
0.1,0.79,6,256,5,0,0,0,1,0,1
0.75,0.85,5,267,5,0,0,0,1,0,1
0.46,0.5,2,157,3,0,0,0,1,0,1
0.43,0.57,2,127,3,0,0,0,1,0,1
0.1,0.83,6,269,4,0,0,0,1,0,1
0.11,0.87,7,278,4,0,0,0,1,0,1
0.87,1,4,228,5,0,0,0,0,1,1
0.1,0.81,7,291,4,0,0,1,0,0,1
0.38,0.45,2,156,3,0,0,0,0,1,1
0.46,0.54,2,143,3,0,0,0,0,1,1
0.89,0.82,4,243,5,0,0,0,0,1,1
0.4,0.51,2,144,3,0,0,0,1,0,1
0.8,1,5,260,5,0,0,0,1,0,1
0.31,0.87,4,184,3,0,0,0,1,0,1
0.43,0.49,2,160,3,0,0,0,0,1,1
0.09,0.83,6,282,4,0,0,0,0,1,1
0.85,0.58,3,226,2,0,0,0,0,1,1
0.11,0.92,7,255,4,0,0,0,0,1,1
0.11,0.85,7,275,4,0,0,0,0,1,1
0.44,0.49,2,154,3,0,0,0,1,0,1
0.39,0.52,2,134,3,0,0,0,1,0,1
0.11,0.78,6,245,4,0,0,0,1,0,1
0.86,0.84,4,246,6,0,0,0,1,0,1
0.77,0.92,5,235,5,0,0,0,1,0,1
0.44,0.54,2,127,3,0,0,0,0,1,1
0.1,0.86,6,309,4,0,0,0,0,1,1
0.39,0.57,2,158,3,0,0,0,1,0,1
0.72,1,4,245,5,0,0,0,1,0,1
0.36,0.62,4,237,2,0,0,0,0,1,1
0.86,1,5,227,5,0,0,0,0,1,1
0.11,0.97,7,310,4,0,0,0,0,1,1
0.84,0.93,5,236,5,0,0,0,0,1,1
0.38,0.49,2,127,3,0,0,0,0,1,1
0.84,0.97,5,251,5,0,0,0,0,1,1
0.73,1,5,274,5,0,0,0,1,0,1
0.89,1,4,260,5,0,0,0,1,0,1
0.43,0.56,2,133,3,0,0,0,1,0,1
0.1,0.85,6,273,4,0,0,0,0,1,1
0.39,0.55,2,146,3,0,0,0,1,0,1
0.1,0.94,6,260,4,0,0,0,1,0,1
0.41,0.46,2,128,3,0,0,0,1,0,1
0.89,1,5,253,5,0,0,0,0,1,1
0.37,0.51,2,128,3,0,0,0,0,1,1
0.41,0.51,2,127,3,0,0,0,0,1,1
0.11,0.79,6,281,4,0,0,0,0,1,1
0.43,0.51,2,140,3,0,0,0,1,0,1
0.38,0.55,2,145,3,0,0,0,1,0,1
0.82,0.86,4,264,5,0,0,0,0,1,1
0.44,0.5,2,156,3,0,0,0,0,1,1
0.32,0.58,5,271,5,0,0,1,0,0,1
0.1,0.95,7,301,4,0,0,0,1,0,1
0.1,0.89,6,246,4,0,0,0,1,0,1
0.92,0.92,4,245,5,0,0,0,1,0,1
0.87,1,5,274,5,0,0,0,1,0,1
0.09,0.9,7,289,5,0,0,0,1,0,1
0.4,0.46,2,131,3,0,0,0,1,0,1
0.41,0.45,2,150,3,0,0,0,0,1,1
0.72,1,5,264,5,0,0,0,0,1,1
0.4,0.46,2,144,3,0,0,0,1,0,1
0.86,0.94,5,224,5,0,0,0,0,1,1
0.42,0.5,2,141,3,0,0,0,0,1,1
0.43,0.48,2,160,3,0,0,0,0,1,1
0.09,0.8,6,247,4,0,0,0,0,1,1
0.54,0.56,4,260,3,0,0,0,0,1,1
0.36,0.52,2,137,3,1,0,0,0,1,1
0.43,0.47,2,149,3,0,0,0,0,1,1
0.36,0.48,2,145,3,0,0,0,1,0,1
0.88,0.89,4,275,5,0,0,0,1,0,1
0.1,0.82,6,272,4,0,0,0,1,0,1
0.42,0.56,2,158,3,0,0,0,1,0,1
0.1,0.95,6,256,4,0,0,0,0,1,1
0.44,0.5,2,132,3,0,0,0,1,0,1
0.09,0.92,6,261,4,0,0,0,0,1,1
0.09,0.78,6,244,4,0,0,0,1,0,1
0.1,0.8,7,292,5,0,0,0,1,0,1
0.34,0.97,6,157,5,1,0,0,1,0,1
0.53,0.95,6,205,4,0,0,0,1,0,1
0.86,0.83,4,270,5,0,0,0,0,1,1
0.38,0.52,2,156,3,0,0,0,1,0,1
0.44,0.46,2,149,3,0,0,0,1,0,1
0.39,0.57,2,131,3,0,0,0,0,1,1
0.11,0.93,6,290,4,0,0,0,0,1,1
0.11,0.87,6,291,4,0,0,0,1,0,1
0.1,0.91,6,286,4,0,0,0,1,0,1
0.8,0.95,5,217,5,0,0,0,1,0,1
0.11,0.95,7,269,5,0,0,0,0,1,1
0.11,0.93,7,288,4,0,0,1,0,0,1
0.43,0.5,2,127,3,1,0,0,0,1,1
0.79,0.84,5,245,5,0,0,0,0,1,1
0.39,0.5,2,127,3,0,0,0,1,0,1
0.09,0.8,5,279,4,0,0,0,1,0,1
0.36,0.51,2,155,3,0,0,0,1,0,1
0.44,0.51,2,129,3,0,0,0,0,1,1
0.44,0.55,2,136,3,0,0,0,0,1,1
0.43,0.56,2,158,3,0,0,0,1,0,1
0.09,0.77,6,244,4,0,0,0,1,0,1
0.39,0.46,2,127,3,0,0,0,1,0,1
0.42,0.49,2,145,3,0,0,0,0,1,1
0.4,0.49,2,140,3,0,0,0,0,1,1
0.74,0.9,4,226,5,0,0,0,0,1,1
0.38,0.47,2,152,3,0,0,0,0,1,1
0.42,0.5,2,155,3,0,0,0,1,0,1
0.45,0.46,2,142,3,0,0,0,0,1,1
0.78,1,4,267,5,0,0,0,0,1,1
0.09,0.83,7,258,4,0,0,0,1,0,1
0.39,0.51,2,139,3,0,0,0,1,0,1
0.72,1,2,240,2,0,0,0,1,0,1
0.38,0.5,2,139,3,0,0,0,1,0,1
0.11,0.93,6,276,4,0,0,0,1,0,1
0.72,0.85,5,246,5,0,0,0,0,1,1
0.11,0.81,6,260,4,0,0,0,0,1,1
0.37,0.52,2,144,3,0,0,0,0,1,1
0.42,0.47,2,130,3,0,0,0,1,0,1
0.1,0.8,6,248,4,0,0,0,1,0,1
0.87,0.9,3,307,5,0,0,0,1,0,1
0.1,0.96,6,275,4,0,0,0,1,0,1
0.39,0.57,2,150,3,0,0,0,1,0,1
0.1,0.96,6,292,4,0,0,0,0,1,1
0.11,0.77,6,274,4,0,0,0,0,1,1
0.46,0.46,2,145,3,0,0,1,0,0,1
0.11,0.83,6,262,5,0,0,0,1,0,1
0.46,0.5,2,141,3,0,0,0,1,0,1
0.8,0.87,5,240,6,0,0,0,1,0,1
0.87,0.92,4,253,6,0,0,0,1,0,1
0.43,0.53,2,146,3,0,0,0,0,1,1
0.39,0.55,2,156,3,0,0,1,0,0,1
0.11,0.86,6,299,4,1,0,0,1,0,1
0.45,0.47,2,136,3,0,0,0,0,1,1
0.11,0.87,6,272,4,0,0,0,0,1,1
0.84,0.86,5,240,5,0,0,0,0,1,1
0.39,0.57,2,130,3,0,0,0,1,0,1
0.45,0.48,2,149,3,0,0,0,1,0,1
0.09,0.87,6,266,4,0,0,0,0,1,1
0.87,0.91,4,255,5,0,0,0,0,1,1
0.1,0.89,7,285,4,0,0,0,1,0,1
0.78,0.86,5,260,6,0,0,0,1,0,1
0.63,0.83,6,242,5,0,0,0,1,0,1
0.4,0.5,2,136,3,0,0,0,1,0,1
0.39,0.54,2,133,3,0,0,0,1,0,1
0.1,0.92,6,279,4,0,0,0,0,1,1
0.78,0.86,5,256,5,0,0,0,0,1,1
0.44,0.47,2,156,3,1,0,0,0,1,1
0.09,0.77,6,310,4,0,0,0,1,0,1
0.11,0.87,6,254,4,0,0,0,1,0,1
0.17,0.75,3,188,4,0,0,0,1,0,1
0.42,0.49,2,152,3,0,0,0,1,0,1
0.86,0.91,5,245,5,0,0,0,0,1,1
0.45,0.52,2,143,3,0,0,0,0,1,1
0.09,0.87,7,305,4,0,0,0,0,1,1
0.82,0.82,5,220,6,0,0,0,0,1,1
0.83,0.92,4,255,5,0,0,0,1,0,1
0.14,0.61,6,291,5,0,0,0,0,1,1
0.74,0.96,4,231,5,0,0,0,1,0,1
0.6,0.85,3,250,2,0,0,0,1,0,1
0.73,0.96,5,256,6,1,0,0,0,1,1
0.43,0.46,2,129,3,0,0,0,0,1,1
0.89,0.48,3,178,5,0,0,0,1,0,1
0.11,0.87,6,278,5,0,0,0,1,0,1
0.89,0.97,4,264,5,0,0,0,1,0,1
0.09,0.92,7,301,4,0,0,0,1,0,1
0.1,0.93,6,307,4,0,0,0,1,0,1
0.4,0.54,2,156,3,0,0,0,0,1,1
0.1,0.86,6,288,4,0,0,0,0,1,1
0.42,0.5,2,128,3,0,0,1,0,0,1
0.36,0.49,2,133,3,0,0,0,0,1,1
0.41,0.56,2,154,3,0,0,0,1,0,1
0.42,0.55,2,150,3,0,0,0,1,0,1
0.87,0.97,5,250,6,0,0,0,1,0,1
0.84,0.85,5,260,5,0,0,0,1,0,1
0.42,0.47,2,137,3,0,0,0,0,1,1
0.37,0.46,2,130,3,1,0,0,0,1,1
0.44,0.57,2,141,3,0,0,0,0,1,1
0.39,0.54,2,149,3,0,0,0,1,0,1
0.44,0.54,2,135,3,0,0,0,1,0,1
0.78,0.96,5,272,5,0,0,0,1,0,1
0.38,0.45,2,132,3,0,0,0,0,1,1
0.1,0.9,6,301,5,0,0,0,1,0,1
0.77,0.96,5,249,6,0,0,0,1,0,1
0.26,0.46,2,242,3,0,0,0,1,0,1
0.81,0.93,5,265,6,0,0,0,1,0,1
0.1,0.86,5,253,4,0,0,0,1,0,1
0.38,0.46,2,160,3,0,0,0,1,0,1
0.11,0.96,7,244,4,0,0,0,1,0,1
0.4,0.48,2,161,3,0,0,0,0,1,1
0.09,0.78,6,260,4,0,0,0,0,1,1
0.91,1,4,245,6,0,0,0,0,1,1
0.09,0.85,7,307,4,0,0,0,1,0,1
0.4,0.47,2,144,3,1,0,0,1,0,1
0.09,0.92,7,245,4,0,0,0,0,1,1
0.38,0.5,2,145,3,0,0,0,1,0,1
0.09,0.78,6,263,4,0,0,0,1,0,1
0.11,0.79,6,264,4,0,0,0,1,0,1
0.1,0.87,6,254,5,0,0,0,1,0,1
0.45,0.57,2,143,3,0,0,0,1,0,1
0.11,0.82,7,285,4,0,0,0,0,1,1
0.43,0.52,2,136,3,0,0,0,0,1,1
0.09,0.9,6,295,4,0,0,0,1,0,1
0.41,0.49,2,147,3,0,0,0,1,0,1
0.37,0.51,2,154,3,1,0,0,1,0,1
0.43,0.56,2,129,3,0,0,0,1,0,1
0.46,0.53,2,161,3,0,0,0,1,0,1
0.09,0.84,6,269,4,0,0,0,1,0,1
0.78,0.86,5,274,5,0,0,0,1,0,1
0.39,0.49,2,142,3,0,0,0,1,0,1
0.43,0.57,2,129,3,0,0,0,0,1,1
0.75,1,5,223,6,0,0,0,0,1,1
0.44,0.48,2,158,3,0,0,0,1,0,1
0.44,0.56,2,133,3,0,0,0,0,1,1
0.43,0.54,2,142,3,0,0,0,1,0,1
0.09,0.89,6,282,4,0,0,0,1,0,1
0.37,0.54,2,157,3,0,0,0,1,0,1
0.37,0.49,2,138,3,0,0,0,1,0,1
0.1,0.83,7,302,5,0,0,0,0,1,1
0.87,0.88,5,240,5,0,0,0,0,1,1
0.1,0.94,7,264,4,0,0,0,0,1,1
0.4,0.49,2,143,3,0,0,0,0,1,1
0.46,0.55,2,147,3,0,0,0,0,1,1
0.42,0.57,2,147,3,1,0,0,1,0,1
0.39,0.68,2,282,5,0,0,0,1,0,1
0.37,0.45,2,149,3,0,0,0,1,0,1
0.09,0.95,6,271,4,0,0,0,1,0,1
0.36,0.52,2,143,3,0,0,0,0,1,1
0.4,0.47,2,144,3,0,0,0,0,1,1
0.73,0.93,5,162,4,0,0,0,1,0,1
0.85,0.85,4,247,6,0,0,0,1,0,1
0.9,0.7,5,206,4,0,0,0,1,0,1
0.46,0.55,2,145,3,0,0,0,1,0,1
0.09,0.81,6,257,4,0,0,0,1,0,1
0.37,0.53,2,143,3,0,0,0,1,0,1
0.88,0.86,5,258,5,0,0,0,1,0,1
0.38,0.52,2,161,3,0,0,0,0,1,1
0.4,0.49,2,160,3,0,0,0,1,0,1
0.84,0.96,4,247,5,0,0,0,1,0,1
0.36,0.95,3,206,4,0,0,0,1,0,0
0.54,0.37,2,176,2,0,0,0,1,0,0
0.99,0.91,5,136,4,0,0,0,1,0,0
0.5,0.75,6,127,3,0,0,0,1,0,0
0.48,0.84,4,252,3,0,0,0,0,1,0
0.79,0.97,5,266,2,0,0,0,0,1,0
0.56,0.86,4,201,3,1,0,0,0,1,0
0.84,0.77,4,262,4,0,0,0,1,0,0
0.67,0.57,2,160,4,0,0,0,1,0,0
0.61,0.41,3,138,3,0,0,0,1,0,0
0.71,0.92,3,202,4,0,0,0,1,0,0
0.54,0.7,5,239,5,0,0,0,0,1,0
0.86,0.91,4,147,3,0,0,0,0,1,0
0.41,0.47,4,104,3,0,0,0,1,0,0
0.17,0.73,5,258,4,0,0,0,0,1,0
0.71,0.57,3,209,2,0,0,0,0,1,0
0.64,0.77,3,213,3,1,0,0,0,1,0
0.74,0.82,4,142,2,0,0,0,0,1,0
0.68,0.46,4,143,3,0,0,0,1,0,0
0.67,0.54,2,141,2,0,0,0,1,0,0
0.71,0.54,4,215,3,0,0,0,0,1,0
0.35,0.58,3,229,6,1,0,0,0,1,0
0.22,0.53,4,244,2,0,0,0,0,1,0
0.14,0.64,5,164,5,0,0,0,1,0,0
0.7,0.69,3,102,4,1,0,0,0,1,0
0.16,0.98,5,284,5,0,0,0,0,1,0
0.51,0.69,3,145,2,1,0,0,0,1,0
0.91,0.89,4,197,4,0,0,0,0,1,0
0.65,0.93,4,270,2,0,0,0,0,1,0
0.97,0.6,3,162,3,0,0,0,0,1,0
0.56,0.97,5,163,2,0,0,1,0,0,0
0.28,0.55,4,208,4,0,0,0,0,1,0
0.78,0.81,4,232,3,0,0,0,0,1,0
0.7,0.89,6,214,2,0,0,0,1,0,0
0.72,0.56,4,176,2,0,0,0,0,1,0
0.67,0.85,3,160,4,0,0,0,0,1,0
0.53,0.75,4,239,2,1,0,0,0,1,0
0.62,0.38,3,257,3,0,0,0,0,1,0
0.83,0.54,4,259,5,0,0,0,0,1,0
0.55,0.51,3,190,3,0,0,0,1,0,0
0.32,0.48,5,246,3,0,0,0,1,0,0
0.96,0.67,6,190,3,0,0,0,1,0,0
0.78,0.99,3,151,3,1,0,0,1,0,0
0.96,0.45,6,232,2,1,0,0,1,0,0
0.18,0.94,3,187,6,1,0,0,1,0,0
0.67,0.54,2,136,2,0,0,0,0,1,0
0.56,0.64,3,260,3,0,0,0,0,1,0
0.75,0.77,4,136,3,0,0,0,0,1,0
0.58,0.69,4,223,4,0,0,0,1,0,0
0.51,0.53,3,201,2,0,0,0,1,0,0
0.98,0.77,3,134,2,1,0,0,1,0,0
0.99,0.79,4,192,3,0,0,0,1,0,0
0.95,0.66,4,183,3,0,0,0,1,0,0
0.57,0.85,4,164,3,0,0,0,1,0,0
0.72,0.51,3,235,2,0,0,0,1,0,0
0.33,0.4,4,212,2,1,0,0,1,0,0
0.77,0.49,4,266,2,0,0,0,1,0,0
0.93,0.84,5,135,3,0,0,0,0,1,0
0.84,0.75,3,187,3,1,0,0,0,1,0
0.69,0.63,4,217,3,0,0,0,0,1,0
0.73,0.72,4,197,3,0,0,0,1,0,0
0.87,0.84,5,137,2,0,0,0,1,0,0
0.65,0.75,2,151,3,0,0,0,1,0,0
0.72,0.86,4,191,2,0,0,0,1,0,0
0.48,0.9,4,201,4,0,0,0,0,1,0
0.77,0.71,4,223,3,0,0,1,0,0,0
0.72,0.79,3,149,3,0,0,0,0,1,0
0.65,0.52,5,149,3,0,0,0,1,0,0
0.53,0.69,4,216,2,0,0,0,1,0,0
0.94,0.89,4,239,3,0,0,0,0,1,0
0.6,0.5,3,274,3,0,0,0,0,1,0
0.76,0.5,3,156,3,1,0,0,0,1,0
0.13,0.67,3,181,4,0,0,0,1,0,0
0.17,0.76,4,171,5,0,0,0,1,0,0
0.5,0.78,3,228,2,0,0,0,1,0,0
0.63,0.98,4,175,2,0,0,0,0,1,0
0.81,0.76,4,177,3,0,0,0,0,1,0
0.9,0.87,5,219,2,0,0,0,0,1,0
0.65,0.67,5,128,5,0,0,0,0,1,0
0.71,0.63,3,254,3,1,0,1,0,0,0
0.9,0.84,2,199,3,0,0,0,1,0,0
0.21,0.65,5,223,3,1,0,0,1,0,0
0.56,0.94,3,226,2,0,0,0,1,0,0
0.48,0.67,5,273,3,0,0,0,0,1,0
0.63,0.86,4,271,3,1,0,0,0,1,0
0.87,0.38,4,183,5,0,0,0,0,1,0
0.21,0.9,4,271,6,0,0,1,0,0,0
0.67,0.71,3,190,3,1,0,0,0,1,0
0.26,0.67,2,242,6,0,0,0,1,0,0
0.76,0.51,4,281,3,0,0,0,1,0,0
0.21,0.61,3,173,2,0,0,0,1,0,0
0.56,0.92,4,172,2,0,0,0,0,1,0
0.48,0.89,5,179,3,0,0,0,0,1,0
0.63,0.95,4,137,3,0,0,0,0,1,0
0.93,0.88,4,177,3,0,0,0,1,0,0
0.81,0.63,4,108,6,0,0,0,0,1,0
0.83,0.83,4,224,4,0,0,0,0,1,0
0.78,0.65,4,207,2,0,0,0,0,1,0
0.54,0.94,5,229,3,1,0,0,1,0,0
0.79,0.61,5,96,4,0,0,0,0,1,0
0.64,0.59,3,174,3,1,0,0,1,0,0
0.76,0.93,3,271,5,0,0,0,1,0,0
0.49,0.77,4,218,2,0,0,0,1,0,0
0.6,0.87,4,227,3,1,0,0,0,1,0
0.63,0.62,4,184,4,0,0,0,0,1,0
0.72,0.66,4,202,4,0,0,0,0,1,0
0.91,0.89,2,219,4,0,0,0,1,0,0
0.3,0.91,4,248,4,0,0,0,1,0,0
0.94,0.94,3,255,3,0,0,0,1,0,0
0.65,0.42,6,220,2,0,0,0,1,0,0
0.56,0.81,3,145,2,0,0,0,1,0,0
0.82,0.55,3,217,4,1,0,0,0,1,0
0.54,0.96,3,201,3,0,0,0,0,1,0
0.87,0.5,3,269,3,0,0,0,0,1,0
0.4,0.47,5,108,3,0,0,0,0,1,0
0.54,0.71,5,173,2,0,0,0,1,0,0
0.88,0.52,4,166,2,0,0,0,1,0,0
0.96,0.42,6,101,4,0,0,0,0,1,0
0.13,0.89,4,249,6,1,0,0,0,1,0
0.64,0.61,5,249,3,1,0,0,0,1,0
0.64,0.73,3,142,3,0,0,0,1,0,0
0.66,0.63,6,223,6,0,0,0,0,1,0
0.73,0.88,5,204,5,0,0,0,1,0,0
0.74,0.38,2,126,3,0,0,0,0,1,0
0.55,0.81,4,267,5,0,0,0,1,0,0
0.99,0.68,4,190,3,0,0,0,1,0,0
0.58,0.76,5,260,2,1,0,0,1,0,0
0.99,0.56,3,193,3,1,0,0,0,1,0
0.77,0.93,5,182,4,0,0,0,0,1,0
0.69,0.82,4,208,2,0,0,0,0,1,0
0.65,0.84,3,154,3,0,0,1,0,0,0
0.57,0.6,3,202,3,0,0,0,0,1,0
0.97,0.7,3,203,3,0,0,0,1,0,0
0.74,0.41,4,250,4,0,0,0,1,0,0
0.88,0.67,5,260,3,1,0,0,1,0,0
0.77,0.61,4,223,3,0,0,0,0,1,0
0.84,0.74,3,139,3,0,0,0,0,1,0
0.68,0.56,4,272,3,0,0,0,1,0,0
0.22,0.44,3,166,6,0,0,0,1,0,0
0.54,0.64,2,219,3,0,0,0,1,0,0
0.67,0.52,2,102,6,0,0,0,1,0,0
0.68,0.51,4,224,2,0,0,0,1,0,0
0.5,0.73,4,237,2,0,0,0,0,1,0
0.98,0.96,5,139,3,0,0,0,0,1,0
0.85,0.79,3,157,4,0,0,0,0,1,0
0.75,0.7,5,269,3,0,0,0,0,1,0
0.22,0.8,4,287,4,0,0,0,1,0,0
0.95,0.61,3,267,2,0,0,0,1,0,0
0.64,0.96,4,152,5,0,0,0,0,1,0
0.5,0.59,4,192,2,0,0,0,0,1,0
0.88,0.68,4,274,4,0,0,0,0,1,0
0.43,0.63,3,156,3,0,0,0,0,1,0
0.95,0.71,3,251,2,1,0,0,1,0,0
0.62,0.89,3,153,3,1,0,0,1,0,0
0.98,0.78,4,155,3,1,0,0,1,0,0
0.52,0.64,5,258,2,0,0,0,0,1,0
0.8,0.69,3,164,3,0,0,0,0,1,0
0.49,0.95,4,181,3,0,0,0,0,1,0
0.6,0.94,4,160,2,0,0,0,0,1,0
0.71,0.77,3,145,3,0,0,1,0,0,0
0.6,0.64,5,221,2,0,0,0,1,0,0
0.12,0.78,6,260,5,0,0,0,0,1,0
0.82,0.82,5,285,2,1,0,0,1,0,0
0.83,0.79,4,143,3,0,0,0,1,0,0
0.67,0.68,3,189,3,0,0,0,1,0,0
0.58,0.77,4,145,3,1,0,0,1,0,0
0.54,0.59,3,200,3,0,0,0,1,0,0
0.48,0.39,4,272,3,0,0,0,1,0,0
0.98,0.57,3,198,3,0,0,0,0,1,0
0.46,0.49,3,213,3,0,0,0,1,0,0
0.57,0.56,4,113,3,0,0,0,1,0,0
0.17,0.76,4,280,5,0,0,0,1,0,0
0.59,0.56,4,221,3,1,0,0,1,0,0
0.57,0.99,4,222,2,0,0,0,0,1,0
0.84,0.68,3,231,3,0,0,0,1,0,0
0.48,0.37,3,181,2,0,0,0,1,0,0
0.93,0.95,6,147,3,0,0,0,1,0,0
0.51,0.39,3,149,3,0,0,0,1,0,0
0.66,0.76,3,139,5,0,0,0,1,0,0
0.5,0.75,5,255,3,0,0,0,0,1,0
0.73,0.48,4,139,5,0,0,0,0,1,0
0.88,0.74,5,245,2,0,0,0,0,1,0
0.15,0.93,4,185,5,0,0,0,1,0,0
0.93,0.77,5,106,5,0,0,0,0,1,0
0.9,0.45,4,241,6,0,0,0,0,1,0
0.94,0.7,5,147,2,0,0,0,0,1,0
0.97,0.85,4,219,3,0,0,0,0,1,0
0.79,0.6,5,235,2,0,0,0,0,1,0
0.49,0.58,5,186,2,0,0,1,0,0,0
0.57,0.65,5,177,2,0,0,1,0,0,0
0.57,0.73,3,146,3,0,0,1,0,0,0
0.23,0.52,5,236,4,0,0,0,1,0,0
0.95,0.98,5,155,3,0,0,0,1,0,0
0.58,0.9,4,175,3,1,0,0,1,0,0
0.63,0.7,5,182,3,0,0,0,0,1,0
0.83,0.51,5,143,4,0,0,0,0,1,0
0.95,0.86,3,207,2,0,0,0,1,0,0
0.95,0.5,4,242,2,0,0,0,0,1,0
0.7,0.67,4,224,3,0,0,0,0,1,0
0.58,0.73,3,165,2,0,0,0,0,1,0
0.66,0.8,4,183,2,1,0,0,0,1,0
0.74,0.63,4,170,2,0,0,0,0,1,0
0.66,0.93,5,185,3,0,0,0,0,1,0
0.51,0.43,3,204,4,0,0,0,0,1,0
0.63,0.86,3,245,2,0,0,0,1,0,0
0.74,0.86,3,186,3,1,0,1,0,0,0
0.69,0.63,3,226,3,0,0,0,1,0,0
0.61,0.74,2,143,6,0,0,0,0,1,0
0.5,0.82,3,213,3,0,0,1,0,0,0
0.41,0.87,6,262,6,0,0,1,0,0,0
0.68,0.99,3,247,2,1,0,0,1,0,0
1,0.88,4,191,4,0,0,0,1,0,0
0.86,0.82,2,207,4,1,0,0,1,0,0
0.74,0.85,5,135,2,0,0,0,1,0,0
0.8,0.41,6,185,4,0,0,0,0,1,0
0.66,0.8,4,252,3,0,0,0,0,1,0
0.59,0.92,4,196,2,0,0,0,0,1,0
0.86,0.51,4,211,2,1,0,0,1,0,0
0.74,0.68,4,194,2,0,0,1,0,0,0
0.95,0.52,5,222,2,0,0,0,1,0,0
0.97,0.52,4,231,3,0,0,0,1,0,0
0.91,0.85,3,244,3,1,0,0,0,1,0
0.71,0.55,5,224,3,0,0,0,0,1,0
0.34,0.62,3,119,2,0,0,0,1,0,0
0.64,0.5,3,238,4,0,0,0,1,0,0
0.13,1,4,157,5,1,0,0,1,0,0
0.98,0.6,2,249,3,0,0,0,1,0,0
0.72,0.84,4,195,2,0,0,0,1,0,0
0.6,0.63,4,192,3,0,0,0,1,0,0
0.62,0.88,2,263,4,0,0,0,0,1,0
0.73,0.53,3,184,2,0,0,0,1,0,0
0.71,0.67,3,264,3,0,0,0,0,1,0
0.53,0.66,3,109,2,0,0,0,0,1,0
0.88,0.88,3,214,2,1,0,0,1,0,0
0.54,0.6,4,141,3,0,0,0,1,0,0
0.59,0.83,4,239,4,0,0,1,0,0,0
0.9,0.79,4,236,3,1,0,0,0,1,0
0.81,0.76,5,134,2,0,0,0,1,0,0
0.59,0.65,4,219,3,1,0,0,1,0,0
0.81,0.6,4,179,3,0,0,0,0,1,0
0.85,0.85,4,258,2,0,0,0,1,0,0
0.72,0.96,3,143,3,0,0,0,1,0,0
0.52,0.92,3,214,3,0,0,0,1,0,0
0.13,0.87,3,185,4,1,0,0,1,0,0
0.64,0.86,5,274,2,1,0,0,1,0,0
0.52,0.96,4,170,2,0,0,0,1,0,0
0.57,0.92,6,267,4,0,0,0,0,1,0
0.9,0.74,4,218,2,1,0,0,0,1,0
0.58,0.61,4,210,3,0,0,0,0,1,0
0.66,0.48,4,229,4,0,0,0,0,1,0
0.59,0.66,3,186,3,0,0,0,0,1,0
0.83,0.57,3,232,4,0,0,0,0,1,0
0.82,0.71,4,164,4,0,0,0,1,0,0
0.81,0.83,3,133,3,1,0,0,0,1,0
0.76,0.72,4,266,3,0,0,0,0,1,0
0.66,0.92,2,102,4,0,0,0,0,1,0
0.71,0.36,4,278,4,1,0,1,0,0,0
0.67,0.56,5,174,2,1,0,0,0,1,0
0.6,0.95,3,266,3,0,0,0,0,1,0
0.99,0.49,4,270,2,0,0,0,1,0,0
0.21,0.93,4,243,4,0,0,0,1,0,0
0.97,0.53,4,195,4,0,0,0,1,0,0
0.61,0.78,3,238,2,0,0,0,0,1,0
0.8,0.64,4,246,3,1,0,0,0,1,0
0.24,0.94,4,146,4,0,0,0,0,1,0
0.36,0.42,3,206,5,0,0,1,0,0,0
0.51,0.52,3,132,3,0,0,0,1,0,0
0.54,0.91,3,249,3,0,0,1,0,0,0
0.91,0.65,5,174,2,0,0,0,0,1,0
0.57,0.86,4,268,6,0,0,0,0,1,0
0.63,0.85,3,232,4,0,0,0,0,1,0
0.16,0.86,2,215,2,0,0,0,0,1,0
0.72,0.8,3,219,3,0,0,0,0,1,0
0.81,0.8,4,227,2,1,0,0,1,0,0
0.51,0.6,5,175,3,0,0,0,0,1,0
0.5,0.6,2,177,3,1,0,0,0,1,0
0.69,0.93,3,233,3,0,0,0,0,1,0
0.74,0.57,4,172,3,0,0,1,0,0,0
0.68,0.59,3,141,3,0,0,0,0,1,0
0.85,0.92,4,151,3,1,0,0,0,1,0
0.95,0.61,3,164,3,0,0,0,0,1,0
0.63,0.62,3,183,3,0,0,0,0,1,0
0.28,0.38,5,139,4,0,0,0,0,1,0
0.29,0.75,3,124,4,0,0,0,0,1,0
0.58,0.79,5,262,2,0,0,1,0,0,0
0.83,0.73,5,136,3,0,0,0,1,0,0
0.69,0.9,5,226,4,0,0,1,0,0,0
0.26,0.47,6,182,4,0,0,0,1,0,0
0.71,0.56,3,198,3,0,0,0,0,1,0
0.96,0.61,3,271,2,0,0,0,0,1,0
0.26,0.9,4,266,5,0,0,0,0,1,0
0.62,0.69,4,165,4,1,0,0,0,1,0
0.6,0.82,4,272,3,0,0,0,1,0,0
0.7,0.9,4,216,3,0,0,0,1,0,0
0.23,0.84,5,140,4,0,0,0,1,0,0
0.83,0.54,4,219,3,0,0,0,0,1,0
0.63,0.5,4,235,3,0,0,0,0,1,0
0.76,0.52,3,248,3,0,0,0,0,1,0
0.51,0.92,3,243,3,0,0,0,1,0,0
0.2,0.49,5,199,5,0,0,0,1,0,0
0.86,0.96,4,196,3,0,0,0,1,0,0
0.89,0.52,3,164,3,0,0,1,0,0,0
0.17,0.61,3,241,5,1,0,0,1,0,0
0.55,0.57,3,266,2,0,0,0,0,1,0
0.58,0.71,3,205,3,0,0,0,1,0,0
0.89,0.9,4,153,3,0,0,0,1,0,0
0.69,0.96,5,164,3,0,0,0,1,0,0
0.95,0.63,3,249,3,0,0,0,1,0,0
0.81,0.75,5,170,3,1,0,0,0,1,0
0.93,0.74,4,201,3,1,0,0,0,1,0
0.95,0.74,4,216,3,0,0,0,0,1,0
0.18,0.79,4,217,4,0,0,0,0,1,0
0.94,0.83,5,148,3,0,0,0,1,0,0
0.6,0.95,3,221,3,0,0,0,1,0,0
0.55,0.64,3,138,3,1,0,0,1,0,0
0.57,0.81,3,144,3,0,0,0,1,0,0
0.74,0.59,4,177,4,1,0,0,0,1,0
0.63,0.98,4,160,2,0,0,0,0,1,0
0.16,0.94,3,178,4,0,0,0,0,1,0
0.5,0.71,5,210,5,0,0,0,0,1,0
0.15,0.81,4,160,5,0,0,0,0,1,0
0.66,0.92,4,229,2,0,0,0,1,0,0
0.81,0.78,4,159,3,0,0,0,1,0,0
0.69,0.91,4,186,3,0,0,0,1,0,0
1,0.49,3,106,4,0,0,0,1,0,0
0.35,0.41,3,157,2,0,0,0,1,0,0
0.58,0.73,4,205,4,0,0,0,1,0,0
0.94,0.6,4,215,2,1,0,0,0,1,0
0.59,0.69,3,146,3,0,0,0,0,1,0
0.29,0.77,3,164,6,0,0,0,0,1,0
0.89,0.58,3,183,4,0,0,0,0,1,0
0.94,0.91,3,250,3,1,0,0,1,0,0
0.45,0.92,6,164,4,1,0,0,1,0,0
0.79,0.67,4,152,3,0,0,0,0,1,0
0.66,0.73,3,244,3,0,0,0,0,1,0
1,0.93,5,182,3,1,0,0,0,1,0
0.65,0.49,4,184,4,0,0,0,0,1,0
0.84,0.85,4,185,3,1,0,0,0,1,0
0.92,0.69,4,180,3,0,0,0,1,0,0
0.27,0.47,5,217,6,0,0,0,0,1,0
0.98,0.66,3,150,3,0,0,0,0,1,0
0.73,0.71,5,215,6,1,0,0,0,1,0
0.64,0.93,5,198,2,0,0,1,0,0,0
0.87,0.89,4,219,4,0,0,1,0,0,0
0.74,0.52,3,170,3,0,0,0,1,0,0
0.84,0.76,5,215,2,1,0,0,1,0,0
0.69,0.69,5,160,3,0,0,0,0,1,0
0.73,0.82,3,133,3,0,0,0,0,1,0
0.98,0.51,3,157,3,0,0,0,0,1,0
0.5,0.58,4,165,2,0,0,1,0,0,0
0.13,0.65,4,194,4,0,0,0,0,1,0
0.57,0.68,3,102,6,0,0,0,0,1,0
0.18,0.6,3,140,4,0,0,0,1,0,0
0.86,0.48,4,153,3,0,0,0,1,0,0
0.25,0.62,6,271,5,0,0,0,1,0,0
0.87,0.78,3,170,2,0,0,0,1,0,0
0.77,0.79,3,200,4,0,0,0,0,1,0
0.82,0.92,3,187,3,1,0,0,0,1,0
0.88,0.65,4,224,2,0,0,1,0,0,0
0.62,0.7,5,270,3,0,0,1,0,0,0
0.91,0.97,4,183,3,0,0,0,1,0,0
0.7,0.56,4,182,2,0,0,0,1,0,0
0.91,0.68,4,187,2,0,0,0,1,0,0
0.95,0.6,2,144,3,0,0,1,0,0,0
0.85,0.67,3,167,4,0,0,0,0,1,0
0.59,0.79,4,181,3,0,0,0,0,1,0
0.89,0.55,5,194,4,0,0,0,0,1,0
0.83,0.77,3,232,2,1,0,0,0,1,0
0.56,0.66,5,155,2,0,0,0,0,1,0
0.8,0.41,3,188,4,0,0,1,0,0,0
0.9,0.88,4,205,2,0,0,0,1,0,0
0.59,0.71,5,169,2,0,0,0,1,0,0
0.66,1,5,145,2,0,0,0,1,0,0
0.6,0.78,4,152,3,1,0,0,0,1,0
0.69,0.59,4,266,4,0,0,0,0,1,0
0.53,0.56,5,188,3,0,0,0,0,1,0
0.5,0.64,4,213,4,0,0,0,1,0,0
0.66,0.84,4,168,2,0,0,0,1,0,0
0.67,0.6,4,210,3,0,0,0,1,0,0
0.78,0.58,3,154,3,0,0,0,1,0,0
0.83,0.8,4,158,4,0,0,0,0,1,0
0.84,0.58,3,140,3,0,0,0,0,1,0
0.74,0.51,4,246,3,1,0,0,0,1,0
0.74,0.87,4,258,2,0,0,0,0,1,0
0.85,0.72,3,201,3,0,0,0,1,0,0
0.48,0.64,4,227,3,0,0,0,1,0,0
0.75,0.53,3,222,2,0,0,0,1,0,0
0.39,0.41,6,115,3,0,0,0,1,0,0
0.69,0.75,4,261,3,0,0,0,0,1,0
0.81,0.96,4,143,3,1,0,0,0,1,0
0.72,0.94,4,235,3,0,0,0,0,1,0
0.37,0.4,4,161,2,0,0,0,1,0,0
0.37,0.9,3,229,6,0,0,0,0,1,0
0.69,0.85,3,200,2,0,0,0,0,1,0
0.98,0.84,4,182,3,0,0,0,0,1,0
0.64,0.52,3,223,3,0,0,0,1,0,0
1,0.95,3,193,6,0,0,0,1,0,0
0.68,1,3,148,4,1,0,0,1,0,0
0.67,0.52,4,262,2,0,0,0,0,1,0
0.79,0.86,3,139,3,0,0,0,1,0,0
0.18,0.99,4,204,6,0,0,0,1,0,0
0.86,0.88,4,220,2,0,0,0,1,0,0
0.72,0.49,3,203,3,0,1,0,0,1,0
0.53,0.73,4,147,3,0,0,0,1,0,0
0.54,0.76,3,199,4,0,0,0,1,0,0
0.57,0.76,3,195,3,0,0,0,0,1,0
0.57,0.9,3,144,2,0,0,0,0,1,0
0.66,0.81,2,201,3,0,0,0,0,1,0
0.53,0.8,4,204,3,0,0,0,0,1,0
0.34,0.92,3,206,3,0,0,0,0,1,0
0.67,0.74,3,204,3,0,0,0,0,1,0
0.2,0.96,2,249,3,0,0,0,1,0,0
0.65,0.53,5,205,3,1,0,0,0,1,0
0.71,0.79,3,189,3,0,0,0,0,1,0
0.85,0.58,4,273,4,0,0,0,0,1,0
0.64,0.4,3,248,3,0,0,0,0,1,0
0.82,0.69,5,219,3,0,0,0,0,1,0
0.89,0.89,3,138,2,0,0,0,0,1,0
0.63,0.56,5,286,4,0,0,0,0,1,0
0.87,0.62,5,197,2,0,0,0,1,0,0
0.94,0.83,4,156,2,0,0,0,0,1,0
0.87,0.49,4,149,2,0,0,0,1,0,0
0.56,0.76,3,134,2,0,0,1,0,0,0
0.69,0.68,5,167,3,0,0,0,1,0,0
0.96,0.75,4,177,2,0,0,0,1,0,0
0.24,0.65,6,275,5,1,1,0,0,1,0
0.55,0.85,3,152,2,0,1,0,0,1,0
0.68,0.99,3,263,3,1,1,0,0,1,0
0.48,0.53,3,113,4,0,0,0,0,1,0
0.75,0.95,3,253,3,0,0,0,0,1,0
0.48,0.5,4,179,3,0,0,0,0,1,0
0.15,0.42,4,238,3,0,0,0,0,1,0
0.77,0.82,3,147,4,0,0,1,0,0,0
0.6,0.55,3,177,3,1,0,0,1,0,0
0.98,0.91,4,273,2,0,0,0,1,0,0
0.99,0.56,6,128,4,0,0,0,0,1,0
0.67,0.81,4,168,2,0,0,1,0,0,0
0.87,0.9,4,163,2,0,0,0,0,1,0
0.32,0.72,2,240,5,0,0,0,1,0,0
0.6,0.56,4,138,3,0,0,0,1,0,0
0.78,0.87,4,264,3,0,0,0,0,1,0
0.6,0.81,4,245,3,1,0,0,0,1,0
0.41,0.68,4,273,3,0,0,0,0,1,0
0.5,0.43,3,184,2,0,0,0,0,1,0
0.71,0.88,4,266,3,0,0,1,0,0,0
0.74,0.83,4,170,2,0,0,0,1,0,0
0.15,0.7,4,220,4,0,0,0,1,0,0
0.7,0.98,4,176,5,0,0,0,1,0,0
0.54,0.52,5,155,3,0,0,0,1,0,0
0.57,0.57,4,141,3,0,0,0,1,0,0
0.92,0.62,4,196,3,0,0,0,0,1,0
0.48,0.89,3,261,2,0,0,0,0,1,0
0.92,0.49,5,259,3,1,0,0,0,1,0
0.53,0.52,3,233,4,0,0,0,1,0,0
0.43,0.62,2,180,3,0,0,0,1,0,0
0.65,0.88,4,268,4,0,0,0,0,1,0
0.24,0.58,5,279,4,0,0,0,0,1,0
0.9,0.78,4,261,2,1,0,0,0,1,0
0.68,0.61,3,261,5,0,0,0,0,1,0
0.5,0.78,6,138,3,0,0,0,0,1,0
0.95,0.52,3,144,3,0,0,0,0,1,0
0.83,0.87,5,233,3,0,0,0,1,0,0
0.78,0.49,3,224,3,0,0,0,1,0,0
0.95,0.7,4,267,3,1,0,0,1,0,0
0.96,0.93,4,260,3,0,0,0,0,1,0
0.59,0.42,3,196,3,0,0,0,1,0,0
0.61,0.7,4,243,3,0,0,0,1,0,0
0.89,0.55,4,196,2,0,0,0,0,1,0
0.89,0.88,3,165,4,0,0,0,0,1,0
0.8,0.96,5,124,3,0,0,0,1,0,0
0.14,0.73,5,266,6,0,0,0,1,0,0
0.59,0.62,3,219,3,0,0,0,1,0,0
0.57,0.82,5,138,3,0,0,0,1,0,0
0.59,0.84,4,245,3,0,0,0,0,1,0
0.76,0.45,5,177,6,0,0,0,0,1,0
0.59,0.9,4,261,4,0,0,0,0,1,0
0.66,0.99,4,195,3,0,0,0,1,0,0
0.64,0.99,4,180,4,0,0,0,0,1,0
0.75,0.74,5,231,3,0,1,0,0,1,0
0.93,0.6,4,184,3,0,0,0,0,1,0
0.58,0.9,3,151,3,0,0,0,0,1,0
0.6,0.54,3,265,3,1,0,0,0,1,0
0.74,0.8,4,241,2,0,0,0,0,1,0
0.43,0.98,4,164,3,0,1,0,0,1,0
0.8,0.78,4,234,3,0,0,0,0,1,0
0.59,0.57,2,170,3,0,0,0,1,0,0
0.61,0.75,2,100,4,0,0,0,1,0,0
0.7,0.56,4,107,6,0,0,0,0,1,0
0.58,0.5,4,225,3,0,0,1,0,0,0
0.97,0.87,2,175,6,0,0,1,0,0,0
0.76,0.44,3,121,4,0,0,0,1,0,0
0.69,0.98,3,168,2,0,0,0,0,1,0
0.79,0.56,5,250,2,1,1,0,0,1,0
0.8,0.75,3,134,4,0,0,0,0,1,0
0.97,0.52,5,149,3,1,0,0,0,1,0
0.61,0.92,3,222,4,0,0,0,0,1,0
0.57,0.56,2,159,3,0,0,1,0,0,0
0.54,0.75,3,260,2,0,0,0,1,0,0
0.89,0.93,5,150,2,0,0,1,0,0,0
0.93,0.6,5,170,2,0,0,0,0,1,0
0.62,0.92,5,149,3,0,0,0,1,0,0
0.88,0.85,4,231,3,0,0,0,1,0,0
0.21,0.74,5,141,4,0,0,1,0,0,0
0.36,0.73,3,187,3,0,0,0,0,1,0
0.83,0.78,3,165,3,1,0,0,0,1,0
0.94,0.59,3,137,2,0,0,0,0,1,0
0.8,0.55,4,269,3,0,0,1,0,0,0
0.54,0.84,4,174,2,0,0,0,0,1,0
0.76,0.47,3,223,2,0,0,0,0,1,0
0.67,0.92,4,265,4,0,0,0,0,1,0
0.5,0.38,5,175,4,0,0,1,0,0,0
0.82,0.71,3,160,3,0,0,0,0,1,0
0.86,0.71,3,235,3,0,0,0,0,1,0
0.95,0.78,2,148,2,0,0,0,1,0,0
0.83,0.56,4,269,3,0,0,0,1,0,0
0.6,0.83,2,189,2,0,0,0,1,0,0
0.93,0.77,5,224,2,0,0,0,1,0,0
0.73,0.6,4,224,3,0,0,0,0,1,0
0.53,0.81,5,135,2,0,0,0,0,1,0
0.57,0.39,3,193,6,0,0,0,0,1,0
0.71,0.58,3,194,4,0,0,0,1,0,0
0.95,0.7,6,243,3,0,0,0,0,1,0
0.53,0.59,3,163,4,0,0,0,1,0,0
0.94,0.69,2,198,3,0,0,0,1,0,0
0.63,0.87,5,248,2,0,0,0,1,0,0
0.83,0.61,5,246,3,0,0,0,0,1,0
0.36,0.71,3,100,3,0,0,0,0,1,0
0.62,0.64,5,150,3,1,0,0,0,1,0
0.79,0.54,4,244,3,0,0,1,0,0,0
0.84,0.91,3,199,4,0,0,0,0,1,0
0.28,0.9,4,275,6,0,0,0,1,0,0
0.89,0.69,4,137,3,0,0,0,0,1,0
0.65,0.7,3,231,3,0,0,0,0,1,0
0.53,0.82,5,184,3,0,0,0,0,1,0
0.92,0.58,3,261,3,1,0,0,0,1,0
0.64,0.61,3,221,3,0,0,0,1,0,0
0.83,0.7,5,168,3,0,0,0,1,0,0
0.89,0.95,5,203,3,0,0,0,1,0,0
0.7,0.51,3,256,3,0,0,0,1,0,0
0.36,0.6,2,136,6,0,0,0,1,0,0
0.65,0.7,4,233,3,0,0,0,0,1,0
0.79,0.58,4,191,6,0,0,0,1,0,0
0.31,0.41,2,263,3,0,0,0,0,1,0
0.37,0.67,2,159,2,0,0,0,1,0,0
0.53,0.84,3,151,3,0,0,0,1,0,0
0.2,0.51,2,163,2,0,0,0,1,0,0
0.91,0.6,4,163,5,0,0,0,1,0,0
0.83,0.93,6,130,5,0,0,0,1,0,0
0.48,0.97,3,224,6,0,0,0,0,1,0
0.7,0.95,5,234,6,1,0,0,0,1,0
0.56,0.91,4,188,2,1,0,0,1,0,0
0.96,0.59,4,108,6,0,0,0,1,0,0
0.99,0.99,4,195,2,0,0,0,1,0,0
0.52,0.9,4,285,2,0,0,0,1,0,0
0.96,0.75,3,231,3,0,0,0,1,0,0
0.72,0.66,3,256,2,0,0,0,0,1,0
0.52,0.88,4,155,3,1,0,0,1,0,0
0.78,0.9,4,104,4,0,0,0,1,0,0
0.93,0.49,5,167,3,0,0,0,0,1,0
0.98,0.56,3,187,3,0,0,0,0,1,0
0.65,0.56,3,259,3,0,0,0,0,1,0
0.97,1,5,251,2,0,0,0,0,1,0
0.56,0.63,4,204,4,0,0,0,0,1,0
0.92,0.81,3,196,2,0,0,0,0,1,0
0.23,0.5,5,100,3,0,0,0,0,1,0
0.49,0.74,4,104,4,0,0,0,0,1,0
0.84,0.78,5,172,2,0,1,1,0,0,0
0.44,0.48,2,226,3,0,0,0,1,0,0
0.81,0.77,5,249,2,0,0,0,1,0,0
0.48,0.8,5,235,2,0,0,0,0,1,0
0.85,0.41,2,229,6,0,0,0,0,1,0
0.85,0.56,5,203,3,0,0,1,0,0,0
0.56,0.85,5,245,3,0,0,1,0,0,0
0.63,0.78,4,160,2,0,0,1,0,0,0
0.71,0.85,4,157,2,0,0,0,1,0,0
0.16,0.81,2,159,6,1,0,0,1,0,0
0.17,0.79,2,126,5,0,0,0,0,1,0
0.86,0.77,5,230,2,0,0,0,0,1,0
0.49,0.89,2,233,4,1,0,0,0,1,0
0.2,0.41,6,264,3,0,0,0,0,1,0
0.63,0.79,5,215,2,1,0,0,0,1,0
0.95,0.64,3,138,4,1,0,0,1,0,0
1,0.54,3,151,2,1,0,0,1,0,0
0.36,0.44,4,114,4,0,0,0,0,1,0
0.3,0.48,2,104,2,0,0,1,0,0,0
0.23,0.48,3,139,4,0,0,0,0,1,0
0.24,0.96,3,174,6,0,0,0,1,0,0
0.55,0.9,5,237,3,0,0,0,0,1,0
0.78,0.56,5,252,2,0,0,1,0,0,0
0.5,0.52,4,178,3,0,0,0,0,1,0
0.2,0.56,5,181,6,0,0,0,0,1,0
0.71,0.97,3,219,3,0,0,1,0,0,0
0.61,0.72,3,144,2,0,0,0,1,0,0
0.81,0.98,6,196,2,0,0,0,1,0,0
0.71,0.74,3,250,3,0,0,0,1,0,0
1,0.94,3,257,4,0,0,0,0,1,0
0.68,0.96,4,255,3,0,0,0,0,1,0
0.93,0.76,5,187,3,0,0,0,1,0,0
0.9,0.62,3,233,5,1,0,0,1,0,0
0.67,0.89,2,173,3,0,0,0,1,0,0
0.51,0.96,3,192,3,0,0,0,0,1,0
0.64,0.86,5,222,3,0,0,0,0,1,0
0.55,0.6,4,176,3,0,0,0,0,1,0
0.35,0.81,5,182,5,0,0,1,0,0,0
0.68,0.78,3,232,3,0,0,0,1,0,0
0.52,0.53,2,286,3,0,0,0,0,1,0
0.98,0.78,3,197,2,0,0,0,1,0,0
0.59,0.87,4,191,2,0,0,0,1,0,0
0.75,1,4,272,4,1,0,0,0,1,0
0.89,0.93,4,141,2,0,0,0,1,0,0
0.84,0.91,3,247,4,0,0,0,1,0,0
0.44,0.99,5,119,2,0,0,0,1,0,0
0.67,0.49,5,161,2,0,0,0,0,1,0
0.91,0.62,4,158,3,1,0,0,0,1,0
0.79,0.86,4,173,4,0,0,0,1,0,0
0.59,0.94,4,265,3,0,0,0,1,0,0
0.77,0.85,5,221,5,0,0,0,1,0,0
0.6,0.57,3,202,3,0,0,0,1,0,0
0.83,0.75,3,150,3,0,0,0,1,0,0
0.59,0.59,4,216,2,1,0,0,0,1,0
0.33,0.69,3,125,3,0,0,0,0,1,0
0.8,0.87,4,217,3,0,0,0,0,1,0
0.17,0.91,6,246,5,0,0,1,0,0,0
0.34,0.91,4,284,4,0,0,0,1,0,0
0.14,0.52,4,108,6,0,0,0,1,0,0
0.6,0.95,4,164,4,0,0,0,0,1,0
0.82,0.62,4,160,3,0,0,0,0,1,0
0.35,0.57,3,109,3,0,0,0,0,1,0
0.41,0.77,4,231,6,0,0,0,1,0,0
0.84,0.74,2,168,3,0,0,0,1,0,0
0.28,0.7,2,164,4,0,0,0,0,1,0
0.68,0.92,3,226,2,0,0,1,0,0,0
0.93,0.92,5,189,2,0,0,0,1,0,0
0.77,0.71,2,242,2,0,0,0,0,1,0
0.15,0.67,6,195,2,0,0,0,0,1,0
0.98,0.71,5,217,3,0,0,0,0,1,0
0.85,0.49,3,258,3,0,0,0,0,1,0
0.91,0.66,4,139,3,0,0,1,0,0,0
0.8,0.99,4,255,5,1,0,0,1,0,0
0.72,0.96,5,223,3,1,0,0,1,0,0
0.8,0.89,2,166,3,0,0,0,0,1,0
0.54,0.49,3,203,3,1,0,0,0,1,0
0.23,0.88,5,156,4,0,0,0,1,0,0
0.19,0.85,6,259,3,1,0,0,1,0,0
0.76,0.58,4,188,3,0,0,0,1,0,0
0.67,1,3,201,4,0,0,0,0,1,0
0.58,0.48,5,251,3,0,0,0,0,1,0
0.76,0.85,4,190,3,0,0,0,0,1,0
0.63,0.49,3,252,3,0,0,0,0,1,0
0.58,0.58,5,171,2,0,0,0,0,1,0
0.7,0.93,3,185,4,0,0,0,0,1,0
0.96,0.8,4,145,2,0,0,0,0,1,0
0.57,0.65,3,163,2,0,0,0,1,0,0
0.19,0.76,3,107,5,0,0,0,1,0,0
0.22,0.96,3,213,3,0,0,1,0,0,0
0.54,0.75,4,199,2,0,0,0,0,1,0
0.53,0.5,5,159,2,0,0,0,0,1,0
0.62,0.7,5,180,4,0,0,1,0,0,0
0.61,0.52,4,171,2,0,0,0,1,0,0
0.86,0.56,5,237,3,0,0,0,1,0,0
0.63,0.86,4,169,2,0,0,1,0,0,0
0.9,0.6,3,268,3,0,0,0,1,0,0
0.45,0.45,4,168,2,0,0,0,1,0,0
0.5,0.95,2,208,2,0,0,0,1,0,0
0.96,0.77,3,193,3,0,0,0,0,1,0
0.51,0.62,3,110,3,0,0,0,1,0,0
0.46,0.75,6,276,6,0,0,0,1,0,0
0.53,0.69,4,257,4,0,0,1,0,0,0
0.63,0.97,5,146,3,0,0,0,1,0,0
0.69,0.53,4,156,3,0,0,0,1,0,0
0.5,0.59,3,260,3,0,0,0,0,1,0
0.9,0.72,4,143,3,0,0,0,0,1,0
0.84,0.99,4,134,3,0,0,0,0,1,0
0.41,0.48,6,165,4,0,0,0,0,1,0
0.93,0.7,5,206,4,0,0,0,1,0,0
0.17,0.51,5,221,3,0,0,0,1,0,0
0.49,0.68,4,201,4,0,0,0,0,1,0
0.48,0.87,3,221,2,0,0,0,0,1,0
0.75,0.78,3,241,3,0,0,0,0,1,0
0.69,0.79,3,207,3,0,0,0,0,1,0
0.71,0.68,4,242,4,0,0,0,1,0,0
0.87,0.82,3,224,3,0,0,0,1,0,0
0.74,0.66,3,257,3,0,0,0,1,0,0
0.21,0.38,3,275,5,0,0,0,1,0,0
0.19,0.63,5,206,6,0,0,0,0,1,0
0.88,0.67,4,226,2,0,0,0,1,0,0
0.96,0.51,4,237,3,0,0,0,1,0,0
0.4,0.67,3,115,3,0,0,0,0,1,0
0.8,0.88,5,199,4,0,0,0,1,0,0
0.78,0.5,4,155,4,0,0,0,1,0,0
0.42,0.91,3,209,2,0,0,0,1,0,0
0.83,0.64,4,210,3,0,0,0,0,1,0
0.64,0.81,2,226,2,0,0,0,0,1,0
0.26,0.39,3,99,4,0,0,0,0,1,0
0.97,0.64,3,237,3,0,0,0,0,1,0
0.49,0.78,3,264,4,0,0,0,1,0,0
0.88,0.54,3,235,2,1,0,0,1,0,0
0.58,0.78,5,211,3,1,0,0,1,0,0
0.66,0.96,4,216,3,0,0,0,1,0,0
0.63,0.79,3,197,3,1,0,0,1,0,0
0.98,0.68,4,154,3,0,0,0,1,0,0
0.69,0.69,4,195,2,0,0,0,0,1,0
0.69,0.97,5,240,4,0,0,0,0,1,0
0.59,0.59,4,270,2,0,0,0,1,0,0
0.68,0.7,5,270,3,0,0,0,0,1,0
0.92,0.49,5,145,3,0,0,0,1,0,0
0.25,0.67,2,136,6,0,0,0,0,1,0
0.6,0.97,3,187,3,1,0,0,0,1,0
0.29,0.86,3,251,4,0,0,0,0,1,0
0.14,0.74,4,117,5,0,0,0,0,1,0
0.6,0.87,3,196,3,1,0,1,0,0,0
0.72,0.8,3,213,3,0,0,1,0,0,0
0.56,0.56,5,229,4,1,0,0,1,0,0
0.67,0.97,5,239,3,0,0,0,1,0,0
0.77,0.75,3,272,3,0,0,0,1,0,0
0.14,0.98,6,221,5,0,0,0,1,0,0
0.88,0.8,3,166,2,0,0,0,1,0,0
0.6,0.91,4,214,2,0,0,0,0,1,0
0.72,0.54,3,286,6,0,0,0,0,1,0
0.52,0.69,4,164,2,0,0,0,0,1,0
0.4,0.87,5,250,4,0,0,0,1,0,0
0.38,0.79,5,176,3,0,0,0,1,0,0
0.69,0.67,4,274,4,0,0,0,0,1,0
0.49,0.67,3,254,2,1,0,0,0,1,0
0.79,0.36,3,114,3,0,0,1,0,0,0
0.15,0.78,5,255,3,0,0,1,0,0,0
0.68,0.71,3,237,3,0,0,0,1,0,0
0.83,0.73,4,262,2,0,0,0,0,1,0
0.57,0.5,4,177,2,0,0,1,0,0,0
0.78,0.54,3,134,3,0,0,0,0,1,0
0.48,0.69,3,105,3,0,0,0,1,0,0
0.91,0.82,4,259,3,0,0,0,0,1,0
0.5,0.53,3,207,4,0,0,0,1,0,0
0.82,0.52,5,225,2,0,0,1,0,0,0
0.46,0.38,6,140,3,0,0,1,0,0,0
0.79,0.56,4,132,3,0,0,0,0,1,0
0.86,0.87,3,197,4,1,0,0,0,1,0
0.52,0.66,5,184,3,0,0,0,1,0,0
0.4,0.41,4,127,3,0,0,0,1,0,0
0.32,0.55,4,283,4,0,0,0,1,0,0
0.88,0.89,3,171,2,0,0,0,0,1,0
0.78,0.76,3,238,3,0,0,0,0,1,0
0.81,0.59,4,187,2,0,0,0,1,0,0
0.73,0.94,4,213,3,1,0,0,0,1,0
0.61,0.82,3,209,2,0,0,0,1,0,0
0.56,0.85,5,230,3,0,0,0,0,1,0
0.95,0.42,3,189,2,1,0,0,0,1,0
0.68,0.49,3,230,3,0,0,0,0,1,0
0.54,0.9,3,164,3,0,0,1,0,0,0
0.89,0.52,3,190,3,0,0,0,0,1,0
0.19,0.69,4,269,6,0,0,0,0,1,0
0.68,0.67,3,228,2,0,0,0,0,1,0
0.66,0.81,5,135,2,0,0,0,1,0,0
0.87,0.95,3,242,5,0,0,0,1,0,0
0.87,0.8,4,197,3,0,0,0,1,0,0
0.71,0.83,5,206,3,0,0,0,1,0,0
0.74,0.77,4,206,3,0,0,0,1,0,0
0.48,0.98,4,174,3,0,0,0,1,0,0
0.8,0.95,3,247,3,0,0,0,0,1,0
0.51,0.61,4,251,2,1,0,0,1,0,0
0.31,0.75,4,220,3,0,0,0,1,0,0
0.55,0.91,3,179,3,1,0,0,1,0,0
0.51,0.8,4,257,2,0,0,0,1,0,0
0.98,0.39,5,158,4,1,0,0,0,1,0
0.89,0.52,4,243,5,0,0,0,0,1,0
0.64,0.94,3,148,2,0,0,0,0,1,0
0.61,0.72,4,182,2,1,0,0,0,1,0
0.75,0.63,4,261,3,1,0,0,1,0,0
0.28,0.83,4,162,3,0,0,0,1,0,0
0.53,0.82,3,133,3,0,0,0,0,1,0
0.76,0.55,4,250,3,0,0,0,0,1,0
0.48,0.56,3,229,3,0,0,0,1,0,0
0.4,0.46,2,109,3,0,0,0,1,0,0
0.49,0.66,3,169,3,0,0,0,0,1,0
0.92,0.85,4,184,3,0,0,0,1,0,0
0.79,0.74,4,222,2,0,0,0,0,1,0
0.52,0.62,3,160,2,0,0,0,0,1,0
0.49,0.43,5,210,4,1,0,0,0,1,0
0.97,0.96,5,210,6,1,0,0,1,0,0
0.67,0.64,4,136,3,0,0,0,1,0,0
0.97,0.66,4,214,2,1,0,0,1,0,0
0.91,0.55,3,223,3,0,0,0,1,0,0
1,0.87,3,274,3,0,0,0,0,1,0
0.49,0.66,3,163,3,0,0,0,0,1,0
0.81,0.86,5,159,2,0,0,0,0,1,0
0.92,0.81,4,206,2,0,0,0,0,1,0
0.79,0.89,3,252,2,0,0,0,0,1,0
0.49,0.57,4,145,2,0,0,0,0,1,0
0.3,0.44,5,128,4,1,0,0,0,1,0
0.68,0.75,5,243,3,1,0,0,1,0,0
0.96,0.54,3,198,3,0,0,0,1,0,0
0.99,0.94,3,244,3,0,0,1,0,0,0
0.93,1,4,145,3,0,0,0,0,1,0
0.65,0.59,3,167,2,0,0,1,0,0,0
0.97,0.82,4,176,2,0,0,0,1,0,0
0.57,0.86,3,258,2,0,0,0,1,0,0
0.7,0.48,4,237,3,0,0,0,1,0,0
0.53,0.83,3,267,4,0,0,0,0,1,0
0.87,0.54,3,268,3,0,0,0,0,1,0
0.57,0.7,3,210,2,0,0,0,0,1,0
0.83,0.79,4,270,3,1,0,0,0,1,0
0.69,0.57,5,227,4,0,0,0,1,0,0
0.18,0.49,5,250,5,1,0,0,0,1,0
0.58,0.82,4,268,3,0,0,0,0,1,0
0.66,0.49,4,194,5,0,0,0,0,1,0
0.56,0.78,3,200,2,0,0,0,0,1,0
0.96,0.83,3,234,3,0,0,0,1,0,0
0.9,0.64,4,217,3,0,0,0,1,0,0
0.85,0.67,3,267,2,1,0,0,1,0,0
0.93,0.78,2,188,2,0,0,0,1,0,0
0.98,0.74,4,202,3,0,0,0,1,0,0
0.83,0.82,3,134,3,0,0,0,1,0,0
0.33,0.61,2,163,3,0,0,0,0,1,0
0.75,0.63,4,268,3,0,0,0,0,1,0
0.82,0.52,5,270,3,0,0,0,0,1,0
0.91,0.59,3,134,2,1,0,0,0,1,0
0.38,0.47,3,189,5,0,0,0,0,1,0
0.81,0.78,3,166,2,0,0,0,1,0,0
0.64,0.66,5,266,3,0,0,0,1,0,0
0.99,0.71,3,191,3,0,0,0,1,0,0
0.91,0.56,4,241,2,0,0,0,1,0,0
0.21,0.98,6,208,5,1,0,0,1,0,0
0.76,0.6,3,140,2,0,0,0,1,0,0
0.84,0.69,4,149,3,0,0,0,0,1,0
1,0.87,4,268,2,0,0,0,0,1,0
0.66,0.72,5,152,3,1,0,0,1,0,0
0.53,0.94,4,202,3,1,0,0,1,0,0
0.78,0.51,3,172,3,0,0,0,0,1,0
0.69,0.56,3,240,2,0,0,0,0,1,0
0.83,0.98,3,229,6,0,0,0,0,1,0
0.98,0.97,3,209,3,0,0,0,1,0,0
0.96,0.93,6,240,6,0,0,0,1,0,0
0.59,0.69,4,226,3,0,0,0,1,0,0
0.93,0.87,4,218,4,0,0,0,0,1,0
0.74,1,4,219,3,0,0,0,0,1,0
0.72,0.67,4,192,3,0,0,0,0,1,0
0.75,0.55,5,281,3,1,0,0,1,0,0
0.75,0.82,3,169,3,0,0,0,1,0,0
0.74,0.87,3,192,3,1,0,0,1,0,0
0.87,0.76,5,254,2,1,0,0,1,0,0
0.94,0.89,2,118,4,0,0,0,0,1,0
0.53,0.68,3,258,3,0,0,0,1,0,0
0.81,0.95,3,204,2,0,0,0,1,0,0
0.89,0.55,3,260,2,0,0,0,1,0,0
0.62,0.54,4,170,3,0,0,0,0,1,0
0.9,0.98,2,243,3,0,0,0,0,1,0
0.77,0.72,4,223,3,0,0,0,0,1,0
0.75,0.76,3,246,3,0,0,0,0,1,0
0.45,0.71,2,172,2,0,0,0,1,0,0
0.66,0.66,4,255,5,0,0,0,1,0,0
0.36,0.69,3,98,2,0,0,0,1,0,0
0.3,0.47,6,141,6,0,0,0,1,0,0
0.73,0.94,3,251,6,0,0,0,0,1,0
0.44,0.69,2,173,2,0,0,0,0,1,0
0.96,0.76,4,158,3,0,0,0,1,0,0
0.58,0.9,5,257,3,0,0,0,0,1,0
0.77,0.57,4,238,3,0,0,1,0,0,0
0.2,0.8,6,251,5,0,0,0,0,1,0
0.57,0.62,5,141,3,0,0,0,0,1,0
0.98,0.8,3,166,2,0,0,0,0,1,0
0.92,0.77,5,191,2,0,0,0,0,1,0
0.93,0.65,4,258,3,0,0,0,0,1,0
0.51,0.83,5,161,3,0,0,0,1,0,0
0.52,0.41,3,283,3,0,0,0,1,0,0
0.83,0.92,4,187,6,1,0,0,1,0,0
0.44,0.58,2,157,2,0,0,0,1,0,0
0.98,0.89,3,150,3,0,0,1,0,0,0
0.14,0.93,4,180,4,0,0,1,0,0,0
0.91,0.6,4,133,4,1,0,0,0,1,0
0.82,0.63,3,171,3,0,0,0,0,1,0
0.18,0.86,6,264,3,0,0,1,0,0,0
0.82,0.59,5,143,2,1,0,1,0,0,0
0.94,0.88,5,150,4,0,0,0,0,1,0
0.24,0.74,3,269,4,1,0,0,0,1,0
0.25,0.68,4,279,5,1,0,0,0,1,0
0.75,0.77,3,178,4,0,0,1,0,0,0
0.96,0.78,3,209,2,0,0,1,0,0,0
0.22,0.62,6,142,3,0,0,0,1,0,0
0.57,0.55,2,173,2,0,0,0,1,0,0
0.95,0.77,3,184,4,0,0,0,0,1,0
0.99,0.71,4,155,3,0,0,0,1,0,0
0.69,0.63,3,137,3,0,0,0,1,0,0
0.71,0.65,4,239,3,0,0,0,1,0,0
0.64,0.56,3,239,3,0,0,0,1,0,0
0.62,0.58,3,148,2,1,0,0,1,0,0
0.73,0.52,2,113,5,1,0,0,0,1,0
0.3,0.85,2,203,3,0,0,0,0,1,0
0.85,0.75,3,214,3,0,0,0,0,1,0
0.85,0.74,3,250,3,1,0,0,1,0,0
0.72,0.82,4,231,3,0,0,0,1,0,0
0.9,0.54,3,272,2,0,0,0,1,0,0
0.58,0.92,3,232,5,0,0,0,0,1,0
0.87,0.64,2,148,6,1,0,0,0,1,0
0.81,0.5,5,205,3,0,0,0,0,1,0
0.53,0.71,3,125,2,1,0,0,1,0,0
0.58,0.65,5,187,2,0,0,0,1,0,0
0.55,0.61,3,209,3,0,0,0,1,0,0
0.56,0.99,3,209,2,0,0,0,1,0,0
0.89,0.56,3,224,2,0,0,0,0,1,0
0.56,0.68,3,208,3,1,0,0,0,1,0
0.8,0.87,4,209,3,0,0,0,1,0,0
0.55,0.97,4,162,3,0,0,0,1,0,0
0.99,0.54,4,239,3,0,0,0,1,0,0
0.75,0.88,3,224,2,0,0,0,1,0,0
0.59,0.6,3,149,4,0,0,0,0,1,0
1,0.84,3,215,2,0,0,0,0,1,0
0.16,0.72,4,192,6,0,0,1,0,0,0
0.26,0.69,4,180,3,1,0,0,1,0,0
0.61,0.95,4,191,2,0,0,0,1,0,0
0.89,0.79,4,152,3,0,0,0,1,0,0
0.61,0.72,4,209,2,0,0,0,0,1,0
0.88,0.5,4,162,2,0,0,0,0,1,0
0.64,0.49,5,188,2,0,0,0,1,0,0
0.63,0.76,3,176,2,0,0,0,1,0,0
0.89,0.84,5,168,2,0,0,0,1,0,0
0.54,0.97,4,258,3,0,0,0,1,0,0
0.69,0.76,4,257,4,0,0,0,1,0,0
0.18,0.99,4,160,5,0,0,0,1,0,0
0.75,0.78,2,264,3,1,0,0,0,1,0
0.99,0.75,3,243,3,0,0,0,0,1,0
0.14,0.98,5,172,5,0,0,0,0,1,0
0.57,0.86,3,164,2,0,0,0,0,1,0
0.49,0.52,3,225,2,0,0,1,0,0,0
0.24,0.65,6,210,5,0,0,1,0,0,0
0.4,0.61,3,165,2,0,0,0,1,0,0
0.86,0.64,4,263,3,0,0,0,0,1,0
0.61,0.62,3,191,3,0,0,0,1,0,0
0.78,0.87,4,178,3,0,0,0,0,1,0
0.56,0.71,5,243,3,0,0,0,0,1,0
0.87,0.55,3,233,3,0,0,0,0,1,0
0.23,0.78,4,154,6,1,0,0,0,1,0
0.35,0.6,5,239,5,0,0,0,0,1,0
0.75,0.93,5,210,3,0,0,0,0,1,0
0.58,0.53,4,192,4,0,0,0,0,1,0
0.66,0.89,4,139,3,0,0,0,0,1,0
0.62,0.85,4,225,2,0,0,1,0,0,0
0.72,0.63,4,251,3,0,0,0,0,1,0
0.9,0.56,3,149,2,0,0,1,0,0,0
0.76,0.75,3,239,2,0,0,0,1,0,0
0.73,0.63,3,205,2,1,0,0,1,0,0
0.6,0.73,3,140,5,1,0,0,1,0,0
0.63,0.58,4,236,2,0,0,1,0,0,0
0.48,0.51,3,201,2,1,0,0,1,0,0
0.61,0.86,4,153,5,0,0,0,0,1,0
0.84,0.66,4,204,3,0,0,0,0,1,0
0.69,0.69,3,236,4,0,0,0,0,1,0
0.86,0.53,4,155,3,0,0,1,0,0,0
0.64,0.69,4,232,3,0,0,1,0,0,0
0.67,0.61,3,251,2,0,0,0,1,0,0
0.75,0.7,4,179,2,0,0,0,1,0,0
0.52,0.37,3,137,4,0,0,0,1,0,0
0.92,0.74,4,213,3,0,0,0,0,1,0
0.5,0.99,4,272,2,0,0,0,0,1,0
0.35,0.37,4,153,2,0,0,0,0,1,0
0.66,0.95,4,224,2,0,0,0,0,1,0
0.49,0.42,2,266,3,0,0,0,1,0,0
0.24,0.91,4,232,2,0,0,0,1,0,0
0.26,0.98,5,161,5,0,0,0,0,1,0
0.65,0.6,3,148,2,0,0,0,1,0,0
0.54,0.97,5,233,3,1,0,0,1,0,0
0.71,0.93,2,199,2,0,0,0,1,0,0
0.67,0.83,5,269,2,0,0,0,0,1,0
0.19,0.63,4,233,5,0,0,0,0,1,0
0.72,0.88,3,224,3,0,0,0,1,0,0
0.96,0.91,3,260,5,0,0,0,1,0,0
0.25,0.98,4,166,5,1,0,0,1,0,0
0.99,0.52,4,205,2,0,0,0,1,0,0
0.89,0.85,4,201,2,1,0,0,1,0,0
0.93,0.69,3,138,2,0,0,0,0,1,0
0.96,0.9,4,164,4,0,0,0,1,0,0
0.5,0.46,3,165,3,0,0,0,1,0,0
0.59,0.59,3,141,3,0,0,0,1,0,0
1,0.87,3,165,2,0,0,0,1,0,0
0.6,0.59,5,266,2,0,0,0,1,0,0
0.51,0.96,3,149,4,0,0,0,1,0,0
0.74,0.69,4,244,2,0,0,0,1,0,0
0.9,0.91,5,176,3,0,0,0,0,1,0
0.5,0.73,5,165,2,0,0,0,1,0,0
0.92,0.55,4,183,3,0,0,0,1,0,0
0.66,0.68,3,202,3,0,0,0,1,0,0
0.23,0.73,5,197,4,1,0,0,1,0,0
0.97,0.86,5,222,3,0,0,0,1,0,0
0.76,0.72,3,275,4,1,0,0,0,1,0
0.61,0.95,3,133,5,0,0,0,0,1,0
0.35,0.52,3,167,2,0,0,0,1,0,0
0.92,0.61,4,252,2,0,0,0,0,1,0
0.29,0.4,6,205,3,0,0,0,0,1,0
0.57,0.81,4,200,3,1,0,0,0,1,0
0.83,0.51,4,215,3,0,0,1,0,0,0
0.22,0.76,4,176,6,1,0,1,0,0,0
0.55,0.75,4,166,2,0,0,0,1,0,0
0.48,0.64,4,146,2,0,0,0,1,0,0
0.93,0.62,3,184,3,0,0,0,0,1,0
0.59,0.57,3,147,4,0,0,0,1,0,0
0.57,0.75,5,172,4,0,0,0,0,1,0
0.59,0.69,4,207,2,0,0,0,0,1,0
0.63,0.81,5,189,3,0,0,0,0,1,0
0.48,0.97,4,141,2,0,0,0,1,0,0
0.58,0.94,5,274,3,0,0,0,0,1,0
0.74,0.56,4,254,2,0,0,0,1,0,0
0.63,0.52,3,183,2,0,0,0,1,0,0
0.57,0.54,3,157,4,1,0,1,0,0,0
0.74,0.42,3,131,3,0,0,0,0,1,0
0.54,0.48,3,275,2,0,0,1,0,0,0
0.61,0.56,2,123,2,0,0,0,0,1,0
0.54,0.58,4,178,3,0,0,0,0,1,0
0.98,0.72,3,262,4,0,0,0,1,0,0
0.55,0.55,5,194,3,1,0,0,1,0,0
0.66,0.68,4,269,3,1,0,0,1,0,0
0.49,0.49,4,256,3,1,0,0,1,0,0
0.95,0.77,5,139,2,0,0,0,0,1,0
0.74,0.58,4,178,4,0,0,0,0,1,0
0.48,0.45,3,277,2,1,0,1,0,0,0
0.76,1,5,265,2,0,0,0,1,0,0
0.55,0.88,3,173,3,1,0,0,1,0,0
0.59,0.75,4,194,2,0,0,0,1,0,0
0.88,0.68,3,185,2,0,0,0,1,0,0
0.73,0.83,4,241,3,0,0,0,0,1,0
0.51,0.71,5,154,2,0,0,0,0,1,0
0.64,0.6,3,196,3,0,0,0,1,0,0
0.99,0.64,4,135,2,1,0,0,1,0,0
0.86,0.65,5,166,3,0,0,0,0,1,0
0.72,0.98,4,180,2,0,0,0,0,1,0
0.84,0.95,5,199,3,0,0,1,0,0,0
0.71,0.84,3,139,2,0,0,0,1,0,0
0.87,0.93,4,199,3,0,0,0,1,0,0
0.78,0.78,3,135,3,0,0,0,1,0,0
0.75,0.82,4,252,3,0,0,0,1,0,0
0.56,0.88,4,273,3,0,0,0,1,0,0
0.48,0.98,3,259,6,0,0,0,0,1,0
0.77,0.95,3,192,4,1,0,0,0,1,0
0.79,0.75,4,259,3,0,0,0,0,1,0
0.84,0.84,3,150,4,0,0,0,0,1,0
0.85,0.56,3,159,3,0,0,0,0,1,0
0.44,0.58,4,152,3,0,0,0,1,0,0
0.5,0.87,5,245,2,0,0,0,1,0,0
0.77,0.5,5,170,2,0,0,0,1,0,0
0.2,1,3,123,4,0,0,0,1,0,0
0.85,0.79,4,138,2,0,0,0,0,1,0
0.4,0.79,5,181,5,0,0,0,0,1,0
0.99,0.98,5,241,2,0,0,0,0,1,0
0.56,0.73,3,226,3,0,0,0,0,1,0
0.78,0.68,4,174,3,1,0,0,1,0,0
0.81,0.5,3,198,3,0,0,0,1,0,0
0.91,0.61,4,176,3,0,0,0,1,0,0
0.98,0.88,4,145,2,0,0,0,1,0,0
0.57,0.62,3,198,4,0,0,0,0,1,0
0.74,0.58,3,220,2,0,0,1,0,0,0
0.6,0.54,3,185,2,0,0,0,1,0,0
0.21,0.81,5,169,4,0,0,0,0,1,0
0.27,0.86,3,222,5,0,0,0,0,1,0
0.66,0.69,3,257,2,0,0,0,0,1,0
0.49,0.61,5,196,3,0,0,0,0,1,0
0.9,0.88,5,256,4,0,0,0,0,1,0
0.98,0.81,3,153,4,0,0,0,0,1,0
0.52,1,4,221,3,0,0,0,0,1,0
0.99,0.62,4,256,2,0,0,0,0,1,0
0.84,0.81,4,152,2,1,0,0,0,1,0
0.57,0.95,4,176,3,0,0,1,0,0,0
0.66,0.93,4,248,3,0,0,1,0,0,0
0.96,0.9,4,201,3,0,0,0,1,0,0
0.52,0.63,3,171,2,0,0,0,1,0,0
0.24,0.78,5,131,5,0,0,0,1,0,0
0.78,0.49,3,194,3,1,0,0,0,1,0
0.6,0.53,4,228,3,0,0,0,0,1,0
0.65,0.63,3,237,3,0,0,0,0,1,0
0.55,0.92,4,257,2,0,0,1,0,0,0
0.56,0.67,5,165,3,1,0,0,0,1,0
0.52,0.94,3,263,3,0,0,0,0,1,0
0.86,0.61,4,221,2,0,0,0,0,1,0
0.67,0.55,5,239,2,0,0,0,0,1,0
0.98,0.51,3,243,2,0,0,0,1,0,0
0.68,0.71,4,206,2,0,0,0,0,1,0
0.7,0.74,5,255,2,0,0,0,0,1,0
0.54,0.71,3,153,3,0,0,0,1,0,0
0.74,0.63,4,238,2,0,0,0,1,0,0
0.95,0.88,3,266,2,1,0,1,0,0,0
0.47,0.53,4,181,3,0,0,0,1,0,0
0.78,0.96,3,248,3,0,0,0,0,1,0
0.71,0.61,2,216,2,0,0,0,0,1,0
0.72,0.45,4,143,6,0,0,0,0,1,0
0.56,0.45,3,184,3,0,0,0,0,1,0
0.56,0.86,4,181,3,0,0,0,0,1,0
0.91,0.88,5,210,2,1,0,0,1,0,0
0.88,0.93,4,177,3,0,0,0,0,1,0
0.57,0.97,4,224,4,0,0,0,0,1,0
0.15,0.67,5,216,6,0,0,0,1,0,0
0.88,0.72,5,181,4,0,0,0,1,0,0
0.67,0.36,3,280,4,0,0,0,1,0,0
0.82,0.54,3,243,4,0,0,0,1,0,0
0.96,0.94,3,167,3,0,0,0,1,0,0
0.82,0.89,4,275,3,0,0,0,0,1,0
0.9,0.9,3,147,3,1,0,0,0,1,0
0.24,0.85,4,160,5,0,0,0,1,0,0
0.63,0.65,4,246,6,1,0,0,1,0,0
0.73,0.69,3,161,3,0,0,0,1,0,0
0.52,0.57,5,162,3,0,0,0,1,0,0
0.55,0.73,4,201,3,0,0,0,1,0,0
0.43,0.38,2,278,3,1,0,0,1,0,0
0.59,0.8,5,247,3,0,0,0,0,1,0
0.65,0.54,4,191,4,0,0,0,0,1,0
0.61,0.9,4,216,3,0,0,0,0,1,0
0.73,0.88,5,134,2,1,0,0,1,0,0
0.39,0.75,5,286,5,0,0,0,1,0,0
0.9,0.83,3,151,3,0,0,0,1,0,0
0.63,0.74,4,173,3,0,0,0,0,1,0
0.99,0.71,4,212,2,0,0,0,0,1,0
0.68,0.72,4,274,3,0,0,0,0,1,0
0.85,0.78,3,165,4,0,0,0,0,1,0
0.51,0.96,5,268,4,0,0,0,1,0,0
0.96,0.52,4,228,3,0,0,0,1,0,0
0.55,0.75,3,191,3,0,0,0,1,0,0
0.72,0.64,3,231,2,0,0,0,0,1,0
0.99,0.64,3,183,3,0,0,0,0,1,0
0.76,0.71,6,168,2,0,0,1,0,0,0
0.91,0.66,5,212,3,0,0,0,1,0,0
0.98,0.62,2,240,3,1,0,0,1,0,0
0.69,0.62,4,183,4,0,0,0,1,0,0
0.86,0.9,5,180,4,0,0,0,0,1,0
0.66,0.84,4,186,3,0,0,0,0,1,0
0.75,0.64,3,195,3,0,0,1,0,0,0
0.82,0.75,3,161,3,0,0,0,1,0,0
0.75,0.56,3,207,3,0,0,0,1,0,0
0.77,0.84,4,196,3,0,0,0,1,0,0
0.74,0.67,4,148,3,0,0,0,0,1,0
0.44,0.38,4,128,2,0,0,0,1,0,0
0.77,0.71,5,141,3,0,0,0,1,0,0
0.74,0.58,4,193,3,0,0,0,0,1,0
0.24,0.6,2,194,6,0,0,0,0,1,0
0.49,0.86,4,246,2,0,0,0,0,1,0
0.57,0.98,3,171,3,0,0,0,0,1,0
0.83,0.91,3,251,2,0,0,0,0,1,0
0.99,0.81,4,229,2,1,0,0,0,1,0
0.8,0.62,4,216,2,0,0,0,0,1,0
0.81,0.75,4,243,2,0,0,0,1,0,0
0.58,0.49,3,135,2,0,0,0,0,1,0
0.91,0.79,4,166,3,0,0,0,0,1,0
0.76,0.8,3,202,3,0,0,0,0,1,0
0.59,0.75,4,266,3,0,0,0,0,1,0
0.55,0.54,5,168,2,0,0,0,1,0,0
0.61,0.59,3,157,2,0,0,1,0,0,0
0.83,0.8,4,150,3,0,0,0,1,0,0
0.97,0.54,3,271,3,0,0,0,0,1,0
0.55,0.92,3,151,3,0,0,0,0,1,0
0.73,0.74,3,221,3,0,0,1,0,0,0
0.96,0.94,3,182,3,0,0,1,0,0,0
0.47,0.39,6,215,5,0,0,0,0,1,0
0.49,0.83,3,172,2,0,0,0,0,1,0
0.88,0.66,4,275,3,0,0,0,0,1,0
0.61,0.55,3,245,3,0,0,0,0,1,0
0.67,0.63,3,270,5,0,0,0,1,0,0
0.25,0.76,6,182,3,0,0,0,1,0,0
0.91,0.53,4,212,3,0,0,0,1,0,0
0.57,0.99,3,100,4,1,0,0,1,0,0
0.73,0.56,5,239,3,0,0,0,1,0,0
0.31,0.38,3,173,2,0,0,0,1,0,0
0.81,0.44,4,166,4,1,0,0,1,0,0
0.52,0.8,5,209,2,0,0,0,1,0,0
0.54,0.71,2,194,2,0,0,0,1,0,0
0.97,0.91,2,112,5,0,0,0,1,0,0
0.56,0.66,3,139,2,0,0,0,1,0,0
0.75,0.5,4,166,4,0,0,0,1,0,0
0.98,0.91,3,264,4,1,0,0,0,1,0
0.66,0.56,5,202,3,0,0,0,0,1,0
0.16,0.87,5,163,3,0,0,0,0,1,0
0.8,0.84,3,251,3,0,0,0,0,1,0
0.42,0.86,3,160,4,1,0,0,1,0,0
0.62,0.78,5,250,6,0,0,0,1,0,0
0.73,0.76,2,166,3,0,0,0,1,0,0
0.77,0.91,5,274,3,0,0,0,1,0,0
0.52,0.71,3,151,3,0,0,0,1,0,0
0.72,0.72,4,218,4,0,0,0,1,0,0
0.89,0.69,4,170,3,0,0,0,1,0,0
0.96,0.5,3,217,2,1,0,0,1,0,0
0.97,0.76,3,193,3,0,0,0,0,1,0
0.57,0.82,3,149,5,1,0,0,0,1,0
0.34,0.49,4,149,3,0,0,0,0,1,0
0.39,0.39,2,131,2,0,0,1,0,0,0
0.62,0.68,3,134,2,0,0,0,0,1,0
0.81,0.89,4,166,2,1,0,0,1,0,0
0.72,0.5,3,205,3,1,0,0,1,0,0
0.94,0.49,4,220,3,0,0,0,1,0,0
0.6,0.59,5,146,4,0,0,0,1,0,0
0.62,0.55,4,137,3,1,0,0,0,1,0
0.59,0.51,2,145,5,0,0,0,0,1,0
0.46,0.54,3,183,4,0,0,0,0,1,0
0.96,1,4,167,2,1,0,0,1,0,0
0.97,0.74,3,134,3,1,0,1,0,0,0
0.76,0.48,5,173,3,0,0,1,0,0,0
0.46,0.4,3,145,2,0,0,0,0,1,0
0.58,0.57,5,205,2,0,0,1,0,0,0
0.95,0.86,2,263,4,0,0,0,0,1,0
0.68,0.55,4,169,3,1,0,0,1,0,0
0.85,0.6,3,251,2,0,0,0,1,0,0
0.47,0.65,4,172,2,0,0,0,1,0,0
0.93,0.44,5,190,5,0,0,0,0,1,0
0.74,0.71,4,243,3,0,0,0,0,1,0
0.94,0.8,6,147,3,0,0,0,0,1,0
0.44,0.46,3,121,3,0,0,0,0,1,0
0.24,0.76,6,213,4,0,0,0,0,1,0
0.75,0.49,4,208,4,0,0,0,1,0,0
0.31,0.7,4,182,3,0,0,0,0,1,0
0.64,0.92,5,211,2,1,0,0,0,1,0
0.75,0.92,3,160,3,1,0,0,0,1,0
0.87,0.79,3,244,3,0,0,1,0,0,0
0.51,0.63,3,234,2,0,0,1,0,0,0
0.62,0.71,4,168,2,0,0,1,0,0,0
0.87,0.71,6,224,6,0,0,1,0,0,0
0.56,0.59,3,178,2,0,0,0,0,1,0
0.85,0.48,2,208,4,0,0,0,0,1,0
0.63,0.47,3,180,3,1,0,1,0,0,0
0.49,0.56,3,221,3,1,0,0,1,0,0
0.7,0.48,4,238,3,0,0,0,0,1,0
0.6,0.61,3,104,5,0,0,0,0,1,0
0.62,0.67,3,212,3,0,0,0,0,1,0
0.43,0.81,3,102,3,0,0,0,0,1,0
0.92,0.91,3,202,2,0,0,0,0,1,0
0.57,0.59,4,197,3,0,0,0,1,0,0
0.15,0.42,3,98,3,0,0,0,1,0,0
0.84,0.56,3,266,3,0,0,1,0,0,0
0.5,0.8,6,201,5,0,0,0,0,1,0
0.33,0.59,3,243,2,0,0,0,0,1,0
0.64,0.81,3,209,3,0,0,0,1,0,0
0.67,0.5,5,219,3,0,0,0,0,1,0
0.71,0.57,3,207,3,0,0,0,0,1,0
0.67,0.83,3,171,3,1,0,0,0,1,0
0.72,0.67,3,243,3,0,0,0,1,0,0
0.99,0.89,3,273,2,0,0,0,0,1,0
0.52,0.84,2,266,2,0,0,0,1,0,0
0.93,0.6,4,271,3,0,0,0,1,0,0
0.76,0.66,5,206,2,0,0,0,0,1,0
0.63,0.66,3,177,2,1,0,0,0,1,0
0.92,0.82,5,252,3,0,0,0,0,1,0
0.74,0.98,4,160,2,0,0,0,1,0,0
0.48,0.81,3,212,2,0,0,0,1,0,0
0.97,0.76,6,142,2,0,0,0,1,0,0
0.6,0.59,3,237,4,1,0,0,1,0,0
0.65,0.82,4,196,2,0,0,0,1,0,0
0.95,0.94,3,174,3,0,0,0,0,1,0
0.96,0.72,3,157,3,0,0,0,0,1,0
0.98,0.9,3,186,4,0,0,0,1,0,0
0.75,0.95,4,177,3,0,0,0,1,0,0
0.91,0.59,5,179,3,0,0,0,1,0,0
0.81,0.96,4,219,2,0,0,0,1,0,0
0.74,0.82,5,154,2,0,0,0,0,1,0
0.63,0.59,3,189,3,0,0,0,0,1,0
0.59,0.59,4,244,3,0,0,0,0,1,0
0.66,0.48,3,203,4,1,0,0,1,0,0
0.62,0.64,4,185,2,0,0,0,0,1,0
0.85,0.66,5,189,3,0,0,0,0,1,0
0.75,0.95,3,268,3,1,0,0,1,0,0
0.5,0.58,4,96,3,0,0,0,1,0,0
0.92,0.69,3,139,2,0,0,0,1,0,0
0.6,0.98,5,213,3,0,0,0,1,0,0
0.92,0.65,4,260,2,0,0,0,1,0,0
0.94,0.67,3,142,3,0,0,0,0,1,0
0.55,0.79,3,254,3,1,0,0,0,1,0
0.99,0.77,5,160,3,0,0,0,0,1,0
0.5,0.74,4,237,2,1,0,0,0,1,0
0.72,0.65,3,109,5,1,0,0,1,0,0
0.61,0.84,4,265,2,0,0,0,1,0,0
0.81,0.77,5,167,4,0,0,0,1,0,0
0.63,0.41,3,180,5,1,0,0,0,1,0
0.29,0.4,4,138,4,0,0,0,1,0,0
0.55,0.74,2,116,3,0,0,0,1,0,0
0.48,0.99,5,180,2,0,0,0,1,0,0
0.82,0.66,4,238,3,1,0,0,1,0,0
0.17,0.77,4,151,6,0,0,0,1,0,0
0.99,0.55,3,97,6,1,0,0,0,1,0
1,0.66,4,173,2,0,0,0,0,1,0
0.12,0.65,5,262,6,0,0,0,0,1,0
0.57,0.54,4,142,4,0,0,0,0,1,0
0.94,0.58,4,216,3,0,0,0,1,0,0
0.93,0.48,3,276,3,0,0,0,1,0,0
0.91,0.6,5,150,3,0,0,0,0,1,0
0.93,0.9,3,172,3,0,0,0,0,1,0
0.99,0.61,5,196,3,0,0,0,0,1,0
0.55,0.48,4,271,6,1,0,1,0,0,0
0.53,0.64,5,281,4,0,0,1,0,0,0
0.62,0.51,5,134,3,0,0,1,0,0,0
0.73,0.61,5,222,3,0,0,1,0,0,0
0.78,0.63,5,261,3,0,0,0,1,0,0
0.87,0.92,2,248,3,0,0,0,1,0,0
0.5,0.4,2,108,2,0,0,0,0,1,0
0.57,0.97,5,196,2,0,0,0,0,1,0
0.19,0.6,5,198,4,0,0,1,0,0,0
0.65,0.71,4,186,2,0,0,0,1,0,0
0.54,0.59,4,202,3,0,0,0,1,0,0
0.57,0.54,4,210,3,0,0,0,1,0,0
0.58,0.89,3,256,2,0,0,0,0,1,0
0.87,0.64,2,169,3,1,0,0,0,1,0
0.96,0.62,5,230,2,0,0,0,0,1,0
0.94,0.57,3,166,4,0,0,0,0,1,0
0.64,1,4,201,2,0,0,0,0,1,0
0.78,0.58,3,241,3,1,0,0,0,1,0
0.21,0.39,6,132,5,0,0,0,0,1,0
0.53,0.57,5,141,3,1,0,1,0,0,0
0.93,0.5,2,135,3,0,0,1,0,0,0
0.5,0.75,5,178,6,0,0,0,0,1,0
0.4,0.37,3,169,3,1,0,0,0,1,0
0.91,0.69,4,259,3,0,0,1,0,0,0
0.94,0.58,5,190,3,1,0,1,0,0,0
0.76,0.81,5,270,4,0,0,0,0,1,0
0.45,0.54,2,184,2,0,0,0,1,0,0
0.61,0.62,3,240,3,0,0,0,1,0,0
0.99,0.7,3,219,3,0,0,0,1,0,0
0.61,0.7,4,161,3,1,0,1,0,0,0
0.22,0.7,4,225,4,0,0,0,0,1,0
0.66,0.96,4,185,2,1,0,0,0,1,0
0.93,0.61,4,205,3,0,0,0,1,0,0
0.52,0.96,6,166,5,1,0,0,0,1,0
0.51,0.56,4,157,3,0,0,0,0,1,0
0.17,0.59,6,160,2,0,0,0,1,0,0
0.58,0.67,3,156,2,0,0,0,1,0,0
0.7,0.48,5,99,4,0,0,0,1,0,0
0.93,0.81,3,143,3,0,0,0,1,0,0
0.59,0.61,3,210,2,0,0,0,0,1,0
0.16,0.76,6,210,5,0,0,0,0,1,0
0.67,0.78,4,193,3,0,0,0,0,1,0
0.22,0.69,3,212,3,0,0,0,0,1,0
0.69,0.8,3,212,4,0,0,0,1,0,0
0.88,0.82,4,109,2,0,0,0,0,1,0
0.52,0.83,4,180,2,0,0,0,0,1,0
0.94,0.48,4,143,2,0,0,0,0,1,0
0.89,0.56,4,225,4,0,0,0,0,1,0
0.49,0.89,3,213,2,0,0,0,1,0,0
0.76,0.79,3,111,2,0,0,0,1,0,0
0.6,0.52,3,236,3,0,0,0,0,1,0
0.71,0.87,3,271,2,0,0,0,0,1,0
0.55,0.64,4,260,3,0,0,0,1,0,0
0.54,0.76,2,166,4,0,0,0,0,1,0
0.88,0.71,5,255,3,0,0,0,0,1,0
0.24,0.95,3,168,4,0,0,0,0,1,0
0.56,0.93,4,260,4,0,0,0,1,0,0
0.79,0.56,4,248,3,0,0,0,1,0,0
0.97,0.81,3,145,3,0,0,0,1,0,0
0.61,0.88,5,134,4,0,0,0,1,0,0
0.69,0.76,5,174,3,0,0,0,1,0,0
0.18,0.48,4,240,4,0,0,0,0,1,0
0.21,0.81,5,142,4,0,0,0,0,1,0
0.97,0.5,3,266,3,1,0,0,0,1,0
0.72,0.71,3,133,2,0,0,0,1,0,0
0.64,0.51,4,177,3,0,0,0,1,0,0
0.97,0.78,3,268,3,1,0,0,1,0,0
0.59,0.73,2,230,3,0,0,0,1,0,0
0.88,0.6,4,162,2,0,0,0,1,0,0
0.61,0.98,2,238,4,0,0,0,0,1,0
0.81,0.64,4,213,3,0,0,0,0,1,0
0.59,0.88,3,159,2,0,0,0,0,1,0
0.56,0.83,3,236,3,1,0,0,0,1,0
0.78,0.7,4,139,3,0,0,0,1,0,0
0.8,0.67,3,236,3,1,0,0,1,0,0
0.87,0.61,3,162,2,0,0,0,1,0,0
0.52,0.97,4,170,3,0,0,0,0,1,0
0.41,0.68,3,191,4,0,0,0,0,1,0
0.6,0.49,3,239,2,0,0,0,0,1,0
0.51,0.87,2,130,4,0,0,0,0,1,0
0.78,0.91,3,177,2,0,0,1,0,0,0
0.19,0.63,6,241,6,0,0,1,0,0,0
0.96,0.85,5,168,2,0,0,0,1,0,0
0.81,0.86,4,213,3,0,0,0,1,0,0
0.58,0.49,3,167,3,0,0,0,0,1,0
0.92,0.76,5,132,3,1,0,0,1,0,0
0.18,0.54,4,145,5,0,0,0,1,0,0
0.9,0.88,5,254,2,0,0,0,0,1,0
0.71,0.9,3,138,3,0,0,0,0,1,0
0.73,0.97,4,163,3,0,0,0,0,1,0
0.82,0.67,3,229,3,0,0,0,0,1,0
0.52,0.96,3,271,3,1,0,0,0,1,0
0.61,0.9,3,224,3,0,0,0,1,0,0
0.87,0.93,3,173,2,0,0,0,1,0,0
0.84,0.86,3,199,3,0,0,0,0,1,0
0.96,0.7,3,207,3,0,0,1,0,0,0
0.6,0.86,6,247,6,0,0,0,0,1,0
0.28,0.37,3,164,4,1,0,0,1,0,0
0.83,0.95,3,264,2,0,0,0,1,0,0
0.97,0.74,4,209,2,0,0,0,1,0,0
0.38,0.52,2,171,3,0,0,0,0,1,0
0.44,0.37,2,219,2,0,0,0,1,0,0
0.68,0.66,4,229,3,0,0,0,0,1,0
0.73,0.93,3,249,2,0,0,0,0,1,0
0.87,0.48,4,264,3,0,0,0,0,1,0
0.68,0.49,3,178,3,1,0,0,1,0,0
0.63,0.64,3,180,3,0,0,0,1,0,0
0.5,0.81,3,170,2,0,0,0,1,0,0
0.78,0.4,4,145,5,1,1,0,0,1,0
0.73,0.69,3,228,2,0,1,0,0,1,0
0.2,0.98,3,180,6,0,0,0,0,1,0
0.58,0.48,3,135,3,1,0,0,0,1,0
0.73,0.67,4,205,3,0,0,0,1,0,0
0.94,0.59,4,241,2,0,0,0,1,0,0
0.76,0.57,3,148,3,1,0,0,1,0,0
0.59,0.97,5,179,6,0,0,0,0,1,0
0.95,0.96,3,220,3,0,0,0,1,0,0
0.79,0.79,4,231,2,0,0,0,1,0,0
0.92,0.67,2,252,2,0,0,0,1,0,0
0.18,0.54,6,209,5,1,0,0,1,0,0
0.13,0.61,5,198,5,0,0,0,0,1,0
0.78,0.6,4,143,2,0,1,0,0,1,0
0.52,0.63,3,233,3,0,1,0,0,1,0
0.95,0.84,3,270,3,1,1,0,0,1,0
0.24,0.42,5,210,5,0,0,0,1,0,0
0.83,0.99,5,132,3,0,0,0,1,0,0
0.89,0.74,5,260,6,0,0,0,0,1,0
0.67,0.63,3,227,3,0,0,0,0,1,0
0.69,0.52,3,186,3,0,0,0,0,1,0
0.16,0.61,4,171,6,0,0,0,0,1,0
0.81,0.55,3,199,2,1,0,0,0,1,0
0.77,0.59,4,273,2,0,0,1,0,0,0
0.8,0.71,4,161,4,0,0,0,1,0,0
0.49,0.6,2,113,5,0,0,0,1,0,0
0.64,0.56,3,257,6,0,0,0,0,1,0
0.62,0.79,4,268,6,0,0,0,0,1,0
0.86,0.82,4,274,2,1,0,0,1,0,0
0.78,0.63,5,259,3,0,0,0,1,0,0
0.95,0.63,3,153,2,0,0,0,1,0,0
0.93,0.99,3,169,3,0,0,0,1,0,0
0.36,0.44,5,155,3,0,0,0,0,1,0
0.51,0.56,4,198,2,1,0,0,0,1,0
0.95,0.53,3,174,3,0,0,0,0,1,0
0.7,0.54,5,263,3,0,0,0,1,0,0
0.49,0.63,3,181,3,1,0,0,0,1,0
0.48,0.74,2,271,8,1,0,0,0,1,0
0.72,0.98,4,156,3,0,0,0,0,1,0
0.87,0.52,4,140,3,0,0,0,0,1,0
0.61,0.5,4,269,3,0,0,0,0,1,0
0.87,0.92,4,263,3,0,0,0,0,1,0
0.61,0.9,2,142,3,0,0,1,0,0,0
0.16,0.61,6,269,2,0,0,1,0,0,0
0.85,0.87,6,232,5,0,0,1,0,0,0
0.37,0.49,3,177,3,0,0,1,0,0,0
0.95,0.8,3,225,2,0,0,1,0,0,0
0.76,0.67,5,243,3,0,0,0,1,0,0
1,0.77,5,269,3,0,0,0,1,0,0
0.54,0.83,4,201,8,1,0,0,0,1,0
0.8,0.9,4,211,8,0,0,0,0,1,0
0.54,0.61,4,118,5,0,0,0,1,0,0
0.7,0.88,4,180,2,0,0,0,0,1,0
0.69,0.55,3,172,2,0,0,0,0,1,0
0.74,0.64,3,136,2,0,0,0,0,1,0
0.77,0.75,4,191,3,0,0,0,0,1,0
0.91,0.68,4,132,4,0,0,0,0,1,0
0.48,0.77,6,274,6,0,0,0,0,1,0
0.17,0.36,6,191,2,0,0,0,0,1,0
0.56,0.87,3,146,10,0,0,0,1,0,0
0.69,0.72,4,210,2,1,0,1,0,0,0
0.49,0.65,4,233,7,0,0,0,0,1,0
0.71,0.54,4,188,6,0,0,0,1,0,0
0.82,0.49,5,203,6,0,0,0,1,0,0
0.65,0.85,4,201,10,0,0,0,1,0,0
0.78,0.89,4,272,2,0,0,0,1,0,0
0.69,0.56,4,149,3,0,0,0,0,1,0
0.78,0.5,5,247,4,0,0,0,0,1,0
0.98,0.98,4,170,10,0,0,0,0,1,0
0.16,0.93,5,210,7,0,1,0,0,1,0
0.87,0.88,4,140,8,0,0,0,0,1,0
0.69,0.76,3,174,6,0,0,0,0,1,0
0.62,0.91,3,251,10,0,0,0,0,1,0
0.87,0.48,5,170,3,0,0,0,1,0,0
0.69,0.73,4,257,10,1,0,0,0,1,0
0.7,0.77,4,245,2,0,0,0,1,0,0
0.76,0.99,3,133,4,0,0,0,1,0,0
0.57,0.9,5,145,3,0,0,0,1,0,0
0.97,0.62,6,118,2,0,0,0,1,0,0
0.77,0.74,5,243,2,0,0,0,1,0,0
0.8,0.96,3,161,3,0,0,0,1,0,0
0.75,0.94,5,194,4,0,0,0,1,0,0
0.53,0.37,3,180,3,0,0,0,0,1,0
0.82,0.71,3,150,3,0,0,0,0,1,0
0.94,0.61,3,140,2,0,0,0,0,1,0
0.79,0.73,2,147,2,0,0,0,0,1,0
0.85,0.67,3,176,2,0,0,0,0,1,0
0.76,0.81,4,242,2,0,0,0,1,0,0
0.8,0.67,3,178,3,0,0,0,1,0,0
0.36,0.73,2,111,2,0,0,0,1,0,0
0.94,0.59,3,151,2,0,0,0,1,0,0
0.98,0.89,4,218,2,0,0,0,0,1,0
1,0.93,5,167,3,0,0,0,0,1,0
0.43,0.38,3,119,2,0,0,0,1,0,0
0.84,0.53,3,210,4,1,0,0,0,1,0
0.5,1,4,258,3,0,0,0,0,1,0
0.81,0.74,2,228,3,0,0,1,0,0,0
0.78,0.57,4,157,3,0,0,0,1,0,0
0.69,0.48,5,232,4,0,0,0,0,1,0
0.74,0.77,3,211,3,0,0,1,0,0,0
0.55,0.64,3,178,2,0,1,0,1,0,0
0.55,0.67,3,150,2,0,1,0,1,0,0
0.48,0.9,4,208,3,0,0,0,1,0,0
0.28,0.59,6,281,3,0,0,0,0,1,0
0.77,0.65,3,156,4,0,0,0,0,1,0
0.5,0.53,3,142,3,1,0,0,0,1,0
0.64,0.87,4,157,7,0,0,0,1,0,0
0.82,0.79,3,176,3,0,0,0,1,0,0
0.98,0.49,3,199,10,0,0,0,0,1,0
0.49,0.54,4,215,4,0,0,0,0,1,0
0.5,0.92,4,266,7,0,0,0,0,1,0
0.81,0.47,4,153,7,0,0,0,1,0,0
0.57,0.66,3,268,3,0,0,0,1,0,0
0.56,0.98,5,171,3,1,0,0,1,0,0
0.51,0.89,4,233,7,0,0,0,0,1,0
0.86,0.57,3,162,7,0,0,0,0,1,0
0.76,0.79,3,247,3,0,0,0,1,0,0
0.49,0.68,3,192,7,0,0,1,0,0,0
0.65,0.74,4,233,4,1,0,0,1,0,0
0.78,0.8,3,135,7,0,0,0,0,1,0
0.82,0.65,5,178,7,1,0,0,0,1,0
0.15,0.6,5,188,7,0,0,0,0,1,0
0.95,0.75,4,151,3,0,0,0,0,1,0
0.59,0.5,2,162,2,0,0,1,0,0,0
0.5,0.49,4,222,3,0,0,1,0,0,0
0.89,0.86,4,153,3,0,0,0,1,0,0
0.58,0.99,3,207,10,0,0,0,1,0,0
0.62,0.4,3,158,8,1,0,0,1,0,0
0.72,0.75,4,211,4,0,0,0,0,1,0
0.91,0.63,5,240,7,0,0,0,0,1,0
0.66,0.95,5,192,7,0,0,0,0,1,0
0.34,0.46,3,155,10,0,0,0,0,1,0
0.97,0.64,4,238,10,1,0,0,0,1,0
0.68,0.67,4,162,10,0,0,1,0,0,0
0.41,0.67,6,221,10,0,0,0,0,1,0
0.69,0.65,3,153,2,0,0,0,0,1,0
0.31,0.63,4,104,7,1,0,0,0,1,0
0.66,0.78,4,161,6,0,0,0,1,0,0
0.52,0.69,5,208,8,1,0,0,1,0,0
0.66,0.87,3,223,7,0,0,1,0,0,0
0.58,0.67,5,133,10,0,0,0,0,1,0
0.36,0.41,3,167,10,0,0,0,1,0,0
0.51,0.76,4,140,3,0,0,0,1,0,0
0.73,0.94,3,177,3,0,0,0,1,0,0
0.7,0.88,3,159,2,0,0,1,0,0,0
0.53,0.73,3,163,3,1,0,0,1,0,0
0.59,0.6,3,214,2,1,0,0,1,0,0
0.76,0.98,2,235,3,0,0,1,0,0,0
0.73,0.48,3,211,7,0,0,0,0,1,0
0.74,0.74,5,160,3,1,0,1,0,0,0
0.67,0.49,3,247,10,0,0,0,0,1,0
0.99,0.6,4,209,8,1,0,0,0,1,0
0.99,0.92,4,265,4,1,0,0,0,1,0
0.8,0.84,4,242,2,1,0,0,1,0,0
0.64,0.6,3,265,4,0,0,0,1,0,0
0.51,0.71,2,180,3,0,0,0,1,0,0
0.81,0.8,5,132,2,1,0,1,0,0,0
0.72,0.99,4,239,3,0,0,0,0,1,0
0.9,0.54,4,172,4,0,0,0,0,1,0
0.98,0.91,3,188,4,0,0,0,0,1,0
0.61,0.89,4,242,2,0,0,0,0,1,0
0.64,0.55,3,246,2,0,1,1,0,0,0
0.63,0.61,4,171,3,0,0,0,1,0,0
0.64,0.88,3,252,2,0,0,0,1,0,0
0.44,0.65,3,175,2,0,0,0,1,0,0
0.82,0.49,5,210,3,0,0,1,0,0,0
0.68,0.79,4,184,3,0,0,0,1,0,0
0.57,0.99,3,222,3,1,1,0,1,0,0
0.68,0.54,4,146,4,0,1,0,0,1,0
0.5,0.9,5,226,2,0,0,1,0,0,0
0.57,0.59,2,111,2,0,0,1,0,0,0
0.62,0.76,5,198,3,0,0,0,1,0,0
0.2,0.7,4,225,5,0,0,0,1,0,0
0.16,0.7,3,178,3,1,0,0,1,0,0
0.53,0.51,4,240,2,0,0,0,1,0,0
0.81,0.92,4,268,3,0,0,0,1,0,0
0.59,0.54,4,176,2,0,0,0,0,1,0
0.74,0.87,5,224,2,0,0,0,0,1,0
0.67,0.97,4,196,3,0,0,0,0,1,0
0.68,0.66,3,238,2,0,0,0,0,1,0
0.66,0.66,4,273,4,1,0,0,1,0,0
0.6,0.45,3,104,4,0,0,0,1,0,0
0.86,0.83,4,208,3,1,0,0,1,0,0
0.61,0.49,3,275,2,0,0,0,1,0,0
0.38,0.49,4,196,3,0,1,1,0,0,0
0.39,0.75,6,185,3,0,1,1,0,0,0
0.73,0.97,3,174,3,0,0,0,1,0,0
0.74,0.94,4,157,2,0,0,0,0,1,0
0.21,0.85,6,285,7,0,0,0,0,1,0
0.37,0.92,4,211,7,0,0,1,0,0,0
0.64,0.64,2,190,3,0,0,0,1,0,0
0.94,0.82,4,187,3,0,0,0,1,0,0
0.88,0.51,5,195,4,0,0,0,1,0,0
0.88,0.74,3,273,10,0,0,0,0,1,0
0.63,0.94,3,172,3,0,0,0,0,1,0
0.85,0.9,3,245,3,0,0,0,0,1,0
0.72,0.64,4,192,3,0,0,0,0,1,0
0.48,0.5,5,142,4,0,0,0,0,1,0
0.19,0.79,4,229,4,0,0,0,0,1,0
0.9,0.76,3,255,7,0,0,0,1,0,0
0.49,0.49,4,212,7,0,0,0,0,1,0
0.64,0.5,4,253,10,0,1,1,0,0,0
0.85,0.54,3,185,10,0,1,1,0,0,0
0.8,0.86,5,262,6,0,0,0,0,1,1
0.1,0.77,6,247,4,0,0,0,1,0,1
0.84,0.92,4,234,5,0,0,0,1,0,1
0.41,0.55,2,148,3,0,0,0,1,0,1
0.84,0.87,4,246,6,0,0,0,1,0,1
0.38,0.46,2,137,3,0,0,0,1,0,1
0.41,0.54,2,152,3,0,0,0,1,0,1
0.43,0.47,2,147,3,0,0,0,1,0,1
0.38,0.55,2,134,3,0,0,0,1,0,1
0.39,0.54,2,132,3,0,0,0,1,0,1
0.1,0.92,7,307,4,0,0,0,1,0,1
0.85,0.91,5,226,5,0,0,0,0,1,1
0.11,0.93,7,308,4,0,0,0,0,1,1
0.43,0.54,2,153,3,0,0,0,0,1,1
0.09,0.87,7,295,4,0,0,0,1,0,1
0.11,0.79,7,306,4,0,0,0,0,1,1
0.11,0.77,6,291,4,0,0,0,1,0,1
0.37,0.57,2,130,3,0,0,0,1,0,1
0.44,0.5,2,148,3,0,0,0,0,1,1
0.71,0.87,3,177,4,0,0,0,0,1,1
0.43,0.47,2,144,3,0,0,0,0,1,1
0.1,0.84,6,283,4,1,0,0,1,0,1
0.74,1,4,249,5,0,0,0,1,0,1
0.09,0.96,6,245,4,0,0,0,1,0,1
0.84,0.99,4,267,5,0,0,0,1,0,1
0.45,0.56,2,154,3,0,0,0,1,0,1
0.11,0.8,6,304,4,0,0,0,1,0,1
0.39,0.5,2,136,3,0,0,0,1,0,1
0.45,0.45,2,132,3,0,0,0,1,0,1
0.1,0.95,7,301,4,0,0,0,1,0,1
0.11,0.84,7,296,4,0,0,0,1,0,1
0.43,0.55,2,129,3,0,0,0,1,0,1
0.1,0.88,6,284,4,0,0,0,1,0,1
0.41,0.48,2,148,3,0,0,0,1,0,1
0.4,0.46,2,127,3,0,0,0,0,1,1
0.92,0.87,4,226,6,1,0,0,0,1,1
0.27,0.54,7,278,3,0,0,0,1,0,1
0.9,0.82,5,259,5,0,0,0,1,0,1
0.1,0.93,6,256,4,0,0,0,1,0,1
0.77,0.99,5,228,5,0,0,0,1,0,1
0.38,0.52,2,153,3,0,0,0,1,0,1
0.37,0.51,2,153,3,0,0,0,1,0,1
0.4,0.56,2,149,3,0,0,0,1,0,1
0.83,0.85,4,255,5,0,0,0,1,0,1
0.46,0.49,2,148,3,0,0,0,1,0,1
0.45,0.53,2,129,3,0,0,1,0,0,1
0.27,0.56,3,301,3,0,0,0,1,0,1
0.82,0.91,5,232,5,0,0,0,1,0,1
0.4,0.46,2,128,3,0,0,0,1,0,1
0.38,0.51,2,146,3,0,0,0,0,1,1
0.45,0.47,2,135,3,0,0,0,0,1,1
0.11,0.81,5,287,4,0,0,0,1,0,1
0.41,0.54,2,153,3,1,0,0,1,0,1
0.61,0.47,2,253,3,0,0,0,1,0,1
0.1,0.85,6,266,4,0,0,0,1,0,1
0.45,0.52,2,145,3,0,0,0,0,1,1
0.81,1,4,253,5,0,0,0,1,0,1
0.09,0.91,6,275,4,0,0,0,1,0,1
0.41,0.54,2,145,3,0,0,0,1,0,1
0.72,0.96,5,267,5,0,0,0,1,0,1
0.91,0.87,4,235,5,0,0,0,1,0,1
0.37,0.45,2,142,3,0,0,0,1,0,1
0.38,0.46,2,145,3,0,0,0,0,1,1
0.45,0.48,2,144,3,0,0,0,0,1,1
0.1,0.93,6,298,4,0,0,0,0,1,1
0.42,0.57,2,154,3,1,0,0,0,1,1
0.11,0.93,6,282,4,0,0,0,1,0,1
0.42,0.56,2,133,3,0,0,0,1,0,1
0.46,0.57,2,139,3,0,0,0,1,0,1
0.09,0.79,6,293,5,0,0,0,1,0,1
0.86,1,5,257,5,0,0,0,0,1,1
0.4,0.46,2,143,3,0,0,1,0,0,1
0.41,0.57,2,160,3,0,0,0,1,0,1
0.41,0.47,2,135,3,0,0,0,1,0,1
0.41,0.48,2,139,3,0,0,0,1,0,1
0.81,0.98,5,245,5,0,0,0,1,0,1
0.39,0.54,2,127,3,0,0,0,1,0,1
0.09,0.94,6,283,5,0,0,0,1,0,1
0.36,0.48,2,159,3,0,0,0,1,0,1
0.09,0.97,7,254,4,1,0,0,0,1,1
0.43,0.5,2,137,3,0,0,0,0,1,1
0.8,0.53,3,255,5,0,0,1,0,0,1
0.37,0.54,2,152,3,0,0,0,0,1,1
0.89,0.85,5,266,5,0,0,0,1,0,1
0.11,0.96,7,277,5,0,0,0,1,0,1
0.77,0.87,4,242,6,0,0,0,1,0,1
0.32,0.95,5,172,2,0,0,0,1,0,1
0.38,0.49,2,135,3,0,0,0,1,0,1
0.39,0.51,2,151,3,0,0,0,0,1,1
0.1,0.94,6,309,4,0,0,0,0,1,1
0.09,0.86,7,309,4,0,0,0,1,0,1
0.75,0.99,5,221,5,0,0,0,1,0,1
0.37,0.54,2,131,3,1,0,0,0,1,1
0.37,0.56,2,156,3,0,0,0,0,1,1
0.87,1,5,261,5,1,0,0,0,1,1
0.89,0.92,5,237,5,0,0,0,0,1,1
0.1,0.9,7,281,4,0,0,0,1,0,1
0.43,0.55,2,136,3,0,0,0,1,0,1
0.11,0.8,7,296,4,0,0,0,1,0,1
0.4,0.57,2,160,3,0,0,0,1,0,1
0.11,0.79,7,310,4,0,0,0,1,0,1
0.36,0.47,2,148,3,0,0,0,0,1,1
0.39,0.49,2,129,3,0,0,0,0,1,1
0.74,0.87,5,242,5,0,0,0,0,1,1
0.86,0.84,5,222,5,0,0,0,1,0,1
0.45,0.49,2,134,3,0,0,0,0,1,1
0.1,0.55,2,247,4,0,0,0,0,1,1
0.36,0.52,2,146,3,0,0,0,0,1,1
0.78,0.98,5,263,6,0,0,0,1,0,1
0.44,0.49,2,145,3,0,0,0,1,0,1
0.1,0.9,7,286,4,0,0,0,1,0,1
0.77,1,4,232,5,0,0,0,0,1,1
0.38,0.53,2,146,3,0,0,0,1,0,1
0.11,0.95,6,245,4,0,0,0,1,0,1
0.11,0.94,6,264,4,0,0,0,1,0,1
0.11,0.82,6,270,4,0,0,0,1,0,1
0.1,0.83,6,269,4,0,0,0,1,0,1
0.42,1,3,202,3,0,0,0,0,1,1
0.1,0.96,7,255,4,0,0,0,0,1,1
0.09,0.92,7,254,4,0,0,0,0,1,1
0.44,0.53,2,159,3,0,0,0,1,0,1
0.42,0.49,2,139,3,0,0,0,1,0,1
0.38,0.45,2,129,3,0,0,0,0,1,1
0.11,0.92,7,255,4,0,0,0,0,1,1
0.36,0.5,2,132,3,0,0,0,1,0,1
0.86,0.84,4,246,6,0,0,0,1,0,1
0.66,0.93,5,253,5,0,0,0,1,0,1
0.41,0.55,2,151,3,0,0,0,1,0,1
0.1,0.9,7,290,4,0,0,0,1,0,1
0.83,0.99,4,223,5,0,0,0,0,1,1
0.1,0.84,6,293,5,0,0,0,0,1,1
0.39,0.57,2,158,3,0,0,0,1,0,1
0.91,0.96,4,232,5,0,0,0,1,0,1
0.97,0.78,3,268,3,1,0,0,1,0,0
0.82,0.49,4,276,4,0,0,0,1,0,0
0.62,0.5,4,156,2,0,0,0,0,1,0
0.59,0.88,3,159,2,0,0,0,0,1,0
0.2,0.97,4,237,5,0,0,0,0,1,0
0.63,0.94,4,219,3,0,0,0,1,0,0
0.75,0.59,3,117,3,1,0,0,0,1,0
0.96,0.51,4,225,3,0,0,0,0,1,0
0.66,0.56,4,185,3,0,0,0,0,1,0
0.39,0.37,5,156,4,0,0,0,0,1,0
0.6,0.49,3,239,2,0,0,0,0,1,0
0.95,0.54,4,235,4,0,0,0,0,1,0
0.19,0.63,6,241,6,0,0,1,0,0,0
0.96,0.85,5,168,2,0,0,0,1,0,0
0.81,0.86,4,213,3,0,0,0,1,0,0
0.37,0.72,3,169,2,1,0,0,0,1,0
0.65,0.88,4,173,3,0,0,0,0,1,0
0.72,0.7,4,172,3,0,0,0,0,1,0
0.87,0.97,4,243,3,0,0,1,0,0,0
0.63,0.55,4,200,3,1,0,0,1,0,0
0.44,0.61,5,230,6,0,0,0,1,0,0
0.89,0.49,4,275,3,0,0,0,0,1,0
0.95,0.48,4,228,2,0,0,0,0,1,0
0.57,0.91,3,193,2,0,0,0,1,0,0
0.98,0.91,3,165,2,1,0,0,0,1,0
0.9,0.57,4,185,3,1,0,0,0,1,0
0.67,0.49,3,185,3,0,0,0,1,0,0
0.86,0.64,3,245,4,0,0,1,0,0,0
0.62,0.89,4,261,2,0,0,0,0,1,0
0.58,0.77,4,140,3,0,0,0,1,0,0
0.84,0.93,3,159,3,0,0,0,1,0,0
0.49,0.59,4,137,4,0,0,1,0,0,0
0.24,0.62,5,199,4,0,0,0,1,0,0
0.75,0.77,5,199,4,0,0,0,0,1,0
0.78,0.6,4,206,3,0,0,0,0,1,0
0.61,0.56,4,176,3,0,0,0,0,1,0
0.16,0.76,4,223,4,0,0,0,1,0,0
0.44,0.37,2,219,2,0,0,0,1,0,0
0.68,0.76,3,260,4,0,0,0,1,0,0
0.9,0.74,3,193,3,0,0,0,0,1,0
0.73,0.98,5,272,2,0,0,0,1,0,0
0.83,0.86,4,98,4,0,0,0,1,0,0
0.76,0.94,3,189,3,0,0,0,0,1,0
0.2,0.42,4,256,5,0,0,0,1,0,0
0.73,0.67,4,205,3,0,0,0,1,0,0
0.59,0.97,5,179,6,0,0,0,0,1,0
0.92,0.64,4,217,4,0,0,0,0,1,0
0.99,0.73,4,240,4,0,0,0,1,0,0
0.54,0.44,3,153,2,0,0,0,1,0,0
0.18,0.81,4,147,4,0,0,0,1,0,0
0.98,0.58,3,183,3,0,0,0,1,0,0
0.81,0.77,5,251,2,0,0,0,1,0,0
0.91,0.74,3,150,2,0,0,0,0,1,0
0.88,0.51,3,208,3,0,0,0,0,1,0
0.92,0.66,4,113,3,0,0,0,1,0,0
0.83,0.99,5,132,3,0,0,0,1,0,0
0.31,0.42,4,108,4,0,0,0,1,0,0
0.16,0.61,4,171,6,0,0,0,0,1,0
0.88,0.82,3,265,3,0,0,0,0,1,0
0.89,0.71,4,190,3,0,0,0,1,0,0
0.32,0.86,4,266,4,0,0,0,1,0,0
0.78,0.55,3,143,3,0,0,0,1,0,0
0.49,0.6,2,113,5,0,0,0,1,0,0
0.7,0.59,3,138,3,0,0,0,1,0,0
0.19,0.83,5,280,4,0,0,0,1,0,0
0.92,0.99,3,176,8,0,0,0,0,1,0
0.65,0.91,4,224,2,1,0,0,1,0,0
0.56,0.92,4,224,3,0,0,0,0,1,0
0.48,1,4,261,3,0,0,0,1,0,0
0.61,0.52,3,224,3,0,0,0,1,0,0
0.65,0.83,4,251,2,0,0,0,0,1,0
0.51,0.56,4,198,2,1,0,0,0,1,0
0.68,0.97,3,174,2,0,0,0,1,0,0
0.9,0.73,2,203,4,0,0,0,0,1,0
0.8,0.86,3,203,3,0,0,0,0,1,0
0.59,0.53,5,169,3,0,0,0,1,0,0
0.48,0.74,2,271,8,1,0,0,0,1,0
0.94,0.49,4,176,8,0,0,0,0,1,0
0.65,0.63,4,143,8,0,0,0,0,1,0
0.72,0.98,4,156,3,0,0,0,0,1,0
0.87,0.92,4,263,3,0,0,0,0,1,0
0.29,0.38,5,191,5,0,0,0,0,1,0
0.16,0.61,6,269,2,0,0,1,0,0,0
0.94,0.73,4,204,2,0,0,0,1,0,0
0.96,0.84,3,147,8,0,0,0,0,1,0
0.8,0.9,4,211,8,0,0,0,0,1,0
0.43,0.74,4,129,6,0,0,0,0,1,0
0.56,0.94,3,154,3,1,0,0,1,0,0
0.99,0.8,3,209,2,0,0,0,0,1,0
0.77,0.87,3,275,4,1,0,0,0,1,0
0.78,0.89,4,137,3,0,0,0,0,1,0
0.77,0.83,5,216,4,0,0,0,0,1,0
0.57,0.39,4,132,3,0,0,1,0,0,0
0.79,0.82,5,158,2,0,0,0,1,0,0
0.17,0.57,4,116,3,0,0,0,0,1,0
1,0.72,5,194,7,1,0,0,0,1,0
0.5,1,5,264,8,0,1,1,0,0,0
0.96,0.48,3,202,6,0,0,0,1,0,0
0.57,1,4,227,10,0,0,0,1,0,0
0.78,0.89,4,272,2,0,0,0,1,0,0
0.78,0.5,5,247,4,0,0,0,0,1,0
0.7,0.56,4,214,3,0,1,0,0,1,0
0.48,0.84,4,186,7,0,1,0,0,1,0
0.56,0.71,3,211,6,0,1,0,1,0,0
0.97,0.41,5,135,6,0,0,0,0,1,0
0.76,0.99,3,133,4,0,0,0,1,0,0
0.5,0.95,3,198,4,0,0,0,1,0,0
0.72,0.62,3,243,2,1,0,0,1,0,0
0.55,0.4,3,158,3,0,0,0,1,0,0
0.66,0.81,3,174,3,0,0,0,1,0,0
0.96,0.83,3,177,4,0,0,0,1,0,0
0.79,0.73,2,147,2,0,0,0,0,1,0
0.83,0.5,6,165,3,0,0,0,0,1,0
0.65,0.37,3,170,6,0,0,0,1,0,0
0.94,0.65,4,213,2,1,0,0,1,0,0
0.51,0.85,4,186,2,0,0,0,1,0,0
0.87,0.48,5,242,3,0,0,0,0,1,0
0.91,0.77,3,144,3,0,0,0,0,1,0
0.76,0.8,5,217,2,0,0,0,0,1,0
0.56,0.67,3,270,2,0,0,0,0,1,0
0.21,0.43,5,175,2,1,0,1,0,0,0
0.52,0.8,3,252,4,0,0,0,1,0,0
0.49,0.6,4,264,2,1,0,0,1,0,0
0.33,0.97,5,130,4,0,0,1,0,0,0
0.51,0.97,4,258,2,0,0,0,0,1,0
0.48,0.67,4,220,3,0,1,0,0,1,0
0.16,0.72,3,203,3,0,0,0,0,1,0
0.89,0.99,2,258,3,0,0,0,0,1,0
0.75,0.99,2,237,5,1,0,0,1,0,0
0.69,0.73,3,231,2,1,0,1,0,0,0
0.78,0.57,4,157,3,0,0,0,1,0,0
0.67,0.7,3,149,3,0,0,0,1,0,0
0.75,0.89,6,250,2,0,0,0,0,1,0
0.57,0.46,3,186,3,1,0,0,0,1,0
0.5,0.77,3,267,2,0,0,1,0,0,0
0.74,0.71,3,206,3,0,0,1,0,0,0
0.2,0.59,6,113,3,0,0,1,0,0,0
0.4,0.62,4,127,5,0,0,0,1,0,0
0.84,0.73,4,197,3,0,1,0,1,0,0
0.49,0.66,3,155,3,0,1,0,1,0,0
0.84,0.66,3,209,2,0,0,0,1,0,0
0.73,0.54,4,167,3,0,0,0,0,1,0
0.28,0.59,6,281,3,0,0,0,0,1,0
0.32,0.47,3,143,4,0,0,0,0,1,0
0.57,0.78,3,134,3,0,0,0,0,1,0
0.87,0.97,5,151,3,0,0,0,0,1,0
0.68,0.99,3,159,2,0,0,0,0,1,0
0.77,0.75,3,170,7,0,0,0,1,0,0
0.56,0.66,4,264,3,0,0,0,1,0,0
0.6,0.52,3,183,2,0,0,0,1,0,0
0.93,0.74,5,248,8,1,0,0,1,0,0
0.39,0.52,2,102,8,0,0,0,0,1,0
0.49,0.54,4,215,4,0,0,0,0,1,0
0.45,0.42,4,156,7,0,0,1,0,0,0
0.83,0.67,3,175,3,0,0,0,0,1,0
0.6,0.65,2,225,10,0,0,1,0,0,0
0.89,0.77,3,144,3,0,0,1,0,0,0
0.17,0.66,6,224,3,0,0,0,0,1,0
0.24,0.56,4,281,7,0,0,0,0,1,0
0.73,0.92,6,189,3,1,0,0,0,1,0
0.96,0.55,3,164,3,0,0,0,0,1,0
0.56,0.79,5,248,3,0,0,0,0,1,0
0.59,0.47,3,159,4,0,0,0,1,0,0
0.92,0.68,4,178,3,0,0,0,1,0,0
0.79,0.56,3,149,10,0,0,0,1,0,0
0.24,0.81,6,263,7,0,0,1,0,0,0
0.57,0.93,2,204,10,0,0,0,1,0,0
0.95,0.75,4,151,3,0,0,0,0,1,0
0.89,0.96,3,179,8,0,0,1,0,0,0
0.15,0.75,3,259,8,1,0,1,0,0,0
0.66,0.65,3,272,10,0,0,0,0,1,0
0.7,0.84,3,260,4,1,0,0,0,1,0
0.74,0.67,5,216,3,0,0,0,1,0,0
0.87,0.73,5,184,3,0,0,0,1,0,0
0.78,0.69,4,202,3,0,0,0,1,0,0
0.44,0.66,6,134,8,0,0,1,0,0,0
0.64,0.48,3,147,7,0,0,1,0,0,0
0.58,0.67,5,133,10,0,0,0,0,1,0
0.96,0.6,3,160,10,0,0,0,0,1,0
0.22,0.62,3,180,3,0,0,0,1,0,0
0.53,0.73,3,163,3,1,0,0,1,0,0
0.51,0.75,3,133,3,0,0,0,0,1,0
0.16,0.95,6,117,7,0,0,0,0,1,0
0.69,0.66,3,215,6,0,0,1,0,0,0
0.48,0.7,3,213,10,0,0,0,0,1,0
0.5,0.73,3,154,10,0,0,0,0,1,0
0.59,0.92,3,138,10,0,0,0,1,0,0
0.73,0.72,4,233,2,0,0,0,1,0,0
0.88,0.53,3,218,4,0,0,0,1,0,0
0.64,0.6,3,265,4,0,0,0,1,0,0
0.76,0.56,3,179,3,1,0,0,1,0,0
0.34,0.72,3,118,4,0,0,0,1,0,0
0.48,0.8,4,196,5,0,0,0,1,0,0
0.66,0.79,5,134,3,0,0,1,0,0,0
0.72,0.99,4,239,3,0,0,0,0,1,0
0.99,0.97,4,211,2,0,1,0,1,0,0
0.9,0.73,4,245,2,0,0,0,1,0,0
0.63,0.61,4,171,3,0,0,0,1,0,0
0.69,0.9,5,103,5,0,0,0,1,0,0
0.73,0.9,5,184,3,0,0,0,1,0,0
0.29,0.57,5,134,2,0,1,0,0,1,0
0.53,0.68,4,173,3,0,0,0,0,1,0
0.64,0.67,4,252,3,1,0,0,0,1,0
0.63,0.5,2,230,4,0,0,0,0,1,0
0.92,0.94,2,224,2,0,0,0,1,0,0
0.53,0.64,3,168,3,0,0,0,1,0,0
0.92,1,4,261,4,0,0,0,0,1,0
0.4,0.47,5,173,5,0,0,0,0,1,0
0.71,0.68,3,231,2,1,0,0,1,0,0
0.86,0.62,4,186,3,0,0,0,1,0,0
0.49,0.4,2,148,2,1,1,1,0,0,0
0.21,0.85,6,285,7,0,0,0,0,1,0
0.86,0.72,3,217,3,0,0,0,1,0,0
0.66,0.49,5,235,8,1,0,0,1,0,0
0.78,0.53,6,168,3,0,0,0,1,0,0
0.8,0.93,3,225,4,0,0,0,1,0,0
0.95,0.99,5,251,4,0,0,0,1,0,0
0.88,0.51,5,195,4,0,0,0,1,0,0
0.49,0.88,4,244,3,0,0,0,1,0,0
0.52,0.62,5,239,2,0,0,0,0,1,0
0.82,0.79,3,160,3,0,0,0,0,1,0
0.83,0.76,2,255,7,0,0,0,1,0,0
0.85,0.87,4,152,7,0,0,0,1,0,0
0.82,0.67,3,198,3,1,0,0,1,0,0
0.92,0.64,2,104,7,0,0,0,1,0,0
0.82,0.82,3,148,3,0,0,0,1,0,0
0.49,0.89,4,201,8,0,0,0,0,1,0
0.73,0.67,2,139,8,0,0,0,0,1,0
0.67,0.49,5,241,8,0,0,0,0,1,0
0.48,0.5,5,142,4,0,0,0,0,1,0
0.19,0.79,4,229,4,0,0,0,0,1,0
0.49,0.49,3,104,7,0,0,1,0,0,0
0.9,0.55,3,259,10,1,1,1,0,0,0
0.33,0.65,3,172,10,0,1,1,0,0,0
0.89,1,5,224,5,0,0,0,1,0,1
0.84,0.92,4,234,5,0,0,0,1,0,1
0.76,0.89,5,262,5,0,0,0,1,0,1
0.45,0.57,2,134,3,0,0,0,1,0,1
0.09,0.89,6,276,4,0,0,0,1,0,1
0.57,0.7,3,273,6,0,0,0,1,0,1
0.44,0.55,2,135,3,0,0,0,1,0,1
0.38,0.55,2,134,3,0,0,0,1,0,1
0.1,0.92,7,307,4,0,0,0,1,0,1
0.38,0.54,2,128,3,0,0,0,1,0,1
0.11,0.93,7,308,4,0,0,0,0,1,1
0.36,0.56,2,132,3,0,0,0,0,1,1
0.11,0.94,6,286,4,0,0,0,0,1,1
0.81,0.7,6,161,4,0,0,0,0,1,1
0.9,0.98,4,264,6,0,0,0,0,1,1
0.74,0.99,2,277,3,0,0,0,0,1,1
0.09,0.77,5,275,4,0,0,0,0,1,1
0.39,0.56,2,142,3,0,0,0,1,0,1
0.4,0.5,2,130,3,0,0,0,1,0,1
0.46,0.55,2,129,3,0,0,0,1,0,1
0.42,0.46,2,150,3,0,0,0,0,1,1
0.71,0.87,3,177,4,0,0,0,0,1,1
0.43,0.52,2,160,3,0,0,0,1,0,1
0.14,0.62,4,158,4,1,0,0,1,0,1
0.09,0.82,6,250,4,0,0,0,1,0,1
0.1,0.83,6,292,4,0,0,0,1,0,1
0.44,0.51,2,138,3,0,0,0,1,0,1
0.84,0.88,4,263,5,1,0,0,1,0,1
0.39,0.5,2,147,3,0,0,0,1,0,1
0.4,0.52,2,155,3,0,0,0,1,0,1
0.83,1,5,240,5,0,0,0,1,0,1
0.32,0.5,2,135,5,0,0,0,1,0,1
0.11,0.78,7,278,4,0,0,0,1,0,1
0.1,0.84,6,261,4,0,0,0,0,1,1
0.09,0.8,7,283,5,0,0,0,1,0,1
0.89,0.95,4,275,5,0,0,0,0,1,1
0.1,0.91,6,287,4,0,0,0,1,0,1
0.87,0.9,5,254,6,0,0,0,1,0,1
0.77,0.99,5,228,5,0,0,0,1,0,1
0.36,0.48,2,158,3,0,0,0,1,0,1
0.9,0.98,5,245,5,0,0,0,1,0,1
0.83,0.85,4,255,5,0,0,0,1,0,1
0.1,0.87,7,289,4,0,0,0,1,0,1
0.37,0.48,2,159,3,0,0,0,1,0,1
0.79,0.92,5,254,6,0,0,0,1,0,1
0.11,0.95,6,286,4,0,0,0,0,1,1
0.41,0.49,2,146,3,0,0,0,1,0,1
0.39,0.55,2,156,3,0,0,0,0,1,1
0.12,1,3,278,4,0,0,0,0,1,1
0.89,0.87,5,255,5,0,0,0,0,1,1
0.11,0.95,7,300,4,0,0,0,0,1,1
0.61,0.47,2,253,3,0,0,0,1,0,1
0.37,0.52,2,157,3,0,0,0,1,0,1
0.88,0.99,5,262,6,0,0,0,1,0,1
0.45,0.47,2,151,3,0,0,0,0,1,1
0.11,0.84,7,264,4,0,0,0,0,1,1
0.4,0.46,2,149,3,0,0,0,0,1,1
0.38,0.46,2,145,3,0,0,0,0,1,1
0.45,0.48,2,144,3,0,0,0,0,1,1
0.42,0.56,2,133,3,0,0,0,1,0,1
0.73,0.99,5,241,5,0,0,0,1,0,1
0.09,0.94,6,257,4,0,0,0,1,0,1
0.91,0.92,4,246,5,0,0,0,1,0,1
0.45,0.53,2,138,3,0,0,0,0,1,1
0.91,0.97,5,233,5,0,0,0,0,1,1
0.09,0.96,6,268,4,0,0,0,0,1,1
0.1,0.94,6,287,4,0,0,0,0,1,1
0.74,0.92,4,261,5,0,0,0,0,1,1
0.87,0.84,4,264,6,0,0,0,1,0,1
0.39,0.54,2,127,3,0,0,0,1,0,1
0.4,0.48,2,137,3,0,0,0,0,1,1
0.82,0.98,5,234,5,0,0,0,0,1,1
0.37,0.54,2,152,3,0,0,0,0,1,1
0.09,0.95,6,292,4,0,0,0,0,1,1
0.37,0.49,2,151,3,0,0,0,1,0,1
0.66,0.57,5,161,5,0,0,1,0,0,1
0.37,0.57,2,155,3,0,0,0,1,0,1
0.87,0.94,4,274,5,0,0,0,1,0,1
0.74,0.99,4,233,5,0,0,0,1,0,1
0.39,0.57,2,145,3,0,0,0,0,1,1
0.37,0.54,2,131,3,1,0,0,0,1,1
0.1,0.84,6,246,4,0,0,0,0,1,1
0.43,0.51,2,136,3,0,0,0,0,1,1
0.75,0.85,5,240,6,1,0,0,0,1,1
0.82,0.85,5,248,5,0,0,0,1,0,1
0.11,0.8,7,296,4,0,0,0,1,0,1
0.09,0.86,6,279,4,0,0,0,1,0,1
0.1,0.97,6,282,4,0,0,0,0,1,1
0.25,0.46,4,214,4,0,0,0,0,1,1
0.44,0.56,2,145,3,0,0,0,0,1,1
0.41,0.56,2,154,3,0,1,0,0,1,1
0.09,0.87,5,263,4,0,0,0,1,0,1
0.38,0.56,2,161,3,0,0,0,0,1,1
0.1,0.85,7,279,4,0,0,0,0,1,1
0.37,0.47,2,138,3,1,0,0,0,1,1
0.1,0.86,6,247,4,0,0,0,0,1,1
0.38,0.5,2,140,3,0,0,0,1,0,1
0.78,0.98,5,263,6,0,0,0,1,0,1
0.11,0.89,6,260,5,0,0,0,1,0,1
0.38,0.56,2,154,3,0,0,0,1,0,1
0.43,0.48,2,153,3,0,0,0,1,0,1
0.77,0.91,5,221,6,0,0,0,0,1,1
0.84,1,5,242,5,0,0,0,1,0,1
0.38,0.51,2,159,3,0,0,0,1,0,1
0.43,0.56,2,129,3,0,0,0,1,0,1
0.09,0.84,6,269,4,0,0,0,1,0,1
0.39,0.49,2,142,3,0,0,0,1,0,1
0.11,0.8,6,304,4,0,0,0,1,0,1
0.39,0.51,2,137,3,0,0,0,1,0,1
0.76,0.87,5,262,5,0,0,0,1,0,1
0.1,0.81,6,245,4,0,0,0,1,0,1
0.81,0.92,5,239,5,0,0,0,0,1,1
0.39,0.54,2,154,3,0,0,0,1,0,1
0.37,0.49,2,148,3,0,0,0,1,0,1
0.59,1,2,155,5,0,0,0,1,0,1
0.09,0.95,6,271,4,0,0,0,1,0,1
0.73,0.93,5,162,4,0,0,0,1,0,1
0.72,0.84,5,257,5,0,0,0,0,1,1
0.37,0.48,2,160,3,0,0,0,1,0,1
